 Performance Summary:
   PBL:          2.3100000000000030E-004
   FLUXES:       1.7000000000000522E-005
   SURFACE:      9.9999999999926537E-007
   RADIATION:    5.0000000000006636E-006
   DRYCNV:       1.1099999999999999E-004
   Total:        3.6500000000000074E-004
 
 Outputs:
 dpsim:
   2.1447950148718276        2.0446044823823519        2.1447950148718276        2.1447950148718276        2.1447950148718276        2.1447950148718276        2.1308985285443534        2.1447950148718276        2.1447950148718276        2.1447950148718276        2.1447950148718276        2.0446044823823519        2.1447950148718276        2.1447950148718276        2.1447950148718276        2.1447950148718276        2.1308985285443534        2.1447950148718276        2.1447950148718276        2.1447950148718276        2.1447950148718276        2.0446044823823519        2.1447950148718276        2.1447950148718276        2.1447950148718276        2.1447950148718276        2.1308985285443534        2.1447950148718276        2.1447950148718276        2.1447950148718276        2.1447950148718276        2.0446044823823519        2.1447950148718276        2.1447950148718276        2.1447950148718276        2.1447950148718276        2.1308985285443534        2.1447950148718276        2.1447950148718276        2.1447950148718276        2.1447950148718276        2.0446044823823519        2.1447950148718276        2.1447950148718276        2.1447950148718276        2.1447950148718276        2.1308985285443534        2.1447950148718276        2.1447950148718276        2.1447950148718276        2.1447950148718276        2.0446044823823519        2.1447950148718276        2.1447950148718276        2.1447950148718276        2.1447950148718276        2.1308985285443534        2.1447950148718276        2.1447950148718276        2.1447950148718276        2.1447950148718276        2.0446044823823519        2.1447950148718276        2.1447950148718276        2.1447950148718276        2.1447950148718276        2.1308985285443534        2.1447950148718276        2.1447950148718276        2.1447950148718276        2.1447950148718276        2.0446044823823519        2.1447950148718276        2.1447950148718276        2.1447950148718276        2.1447950148718276        2.1308985285443534        2.1447950148718276        2.1447950148718276        2.1447950148718276        2.1447950148718276        2.0446044823823519        2.1447950148718276        2.1447950148718276        2.1447950148718276        2.1447950148718276        2.1308985285443534        2.1447950148718276        2.1447950148718276        2.1447950148718276        2.1447950148718276        2.0446044823823519        2.1447950148718276        2.1447950148718276        2.1447950148718276        2.1447950148718276        2.1308985285443534        2.1447950148718276        2.1447950148718276        2.1447950148718276        2.1447950148718276        2.0446044823823519        2.1447950148718276        2.1447950148718276        2.1447950148718276        2.1447950148718276        2.1308985285443534        2.1447950148718276        2.1447950148718276        2.1447950148718276        2.1447950148718276        2.0446044823823519        2.1447950148718276        2.1447950148718276        2.1447950148718276        2.1447950148718276        2.1308985285443534        2.1447950148718276        2.1447950148718276        2.1447950148718276        2.1447950148718276        2.0446044823823519        2.1447950148718276        2.1447950148718276        2.1447950148718276        2.1447950148718276        2.1308985285443534        2.1447950148718276        2.1447950148718276        2.1447950148718276        2.1447950148718276        2.0446044823823519        2.1447950148718276        2.1447950148718276        2.1447950148718276        2.1447950148718276        2.1308985285443534        2.1447950148718276        2.1447950148718276        2.1447950148718276        2.1447950148718276        2.0446044823823519        2.1447950148718276        2.1447950148718276        2.1447950148718276        2.1447950148718276        2.1308985285443534        2.1447950148718276        2.1447950148718276        2.1447950148718276        2.1447950148718276        2.0446044823823519        2.1447950148718276        2.1447950148718276        2.1447950148718276        2.1447950148718276        2.1308985285443534        2.1447950148718276        2.1447950148718276        2.1447950148718276        2.1447950148718276        2.0446044823823519        2.1447950148718276        2.1447950148718276        2.1447950148718276        2.1447950148718276        2.1308985285443534        2.1447950148718276        2.1447950148718276        2.1447950148718276        2.1447950148718276        2.0446044823823519        2.1447950148718276        2.1447950148718276        2.1447950148718276        2.1447950148718276        2.1308985285443534        2.1447950148718276        2.1447950148718276        2.1447950148718276        2.1447950148718276        2.0446044823823519        2.1447950148718276        2.1447950148718276        2.1447950148718276        2.1447950148718276        2.1308985285443534        2.1447950148718276        2.1447950148718276        2.1447950148718276        2.1447950148718276        2.0446044823823519        2.1447950148718276        2.1447950148718276        2.1447950148718276        2.1447950148718276        2.1308985285443534        2.1447950148718276        2.1447950148718276        2.1447950148718276        2.1447950148718276        2.0446044823823519        2.1447950148718276        2.1447950148718276        2.1447950148718276        2.1447950148718276        2.1308985285443534        2.1447950148718276        2.1447950148718276        2.1447950148718276        2.1447950148718276        2.0446044823823519        2.1447950148718276        2.1447950148718276        2.1447950148718276        2.1447950148718276        2.1308985285443534        2.1447950148718276        2.1447950148718276        2.1447950148718276        2.1447950148718276        2.0446044823823519        2.1447950148718276        2.1447950148718276        2.1447950148718276        2.1447950148718276        2.1308985285443534        2.1447950148718276        2.1447950148718276        2.1447950148718276        2.1447950148718276        2.0446044823823519        2.1447950148718276        2.1447950148718276        2.1447950148718276        2.1447950148718276        2.1308985285443534        2.1447950148718276        2.1447950148718276        2.1447950148718276        2.1447950148718276        2.0446044823823519        2.1447950148718276        2.1447950148718276        2.1447950148718276        2.1447950148718276        2.1308985285443534        2.1447950148718276        2.1447950148718276        2.1447950148718276        2.1447950148718276        2.0446044823823519        2.1447950148718276        2.1447950148718276        2.1447950148718276        2.1447950148718276        2.1308985285443534        2.1447950148718276        2.1447950148718276        2.1447950148718276        2.1447950148718276        2.0446044823823519        2.1447950148718276        2.1447950148718276        2.1447950148718276        2.1447950148718276        2.1308985285443534        2.1447950148718276        2.1447950148718276        2.1447950148718276        2.1447950148718276        2.0446044823823519        2.1447950148718276        2.1447950148718276        2.1447950148718276        2.1447950148718276        2.1308985285443534        2.1447950148718276        2.1447950148718276        2.1447950148718276        2.1447950148718276        2.0446044823823519        2.1447950148718276        2.1447950148718276        2.1447950148718276        2.1447950148718276        2.1308985285443534        2.1447950148718276        2.1447950148718276        2.1447950148718276        2.1447950148718276        2.0446044823823519        2.1447950148718276        2.1447950148718276        2.1447950148718276        2.1447950148718276        2.1308985285443534        2.1447950148718276        2.1447950148718276        2.1447950148718276        2.1447950148718276        2.0446044823823519        2.1447950148718276        2.1447950148718276        2.1447950148718276        2.1447950148718276        2.1308985285443534        2.1447950148718276        2.1447950148718276        2.1447950148718276        2.1447950148718276        2.0446044823823519        2.1447950148718276        2.1447950148718276        2.1447950148718276        2.1447950148718276        2.1308985285443534        2.1447950148718276        2.1447950148718276        2.1447950148718276        2.1447950148718276        2.0446044823823519        2.1447950148718276        2.1447950148718276        2.1447950148718276        2.1447950148718276        2.1308985285443534        2.1447950148718276        2.1447950148718276        2.1447950148718276        2.1447950148718276        2.0446044823823519        2.1447950148718276        2.1447950148718276        2.1447950148718276        2.1447950148718276        2.1308985285443534        2.1447950148718276        2.1447950148718276        2.1447950148718276        2.1447950148718276        2.0446044823823519        2.1447950148718276        2.1447950148718276        2.1447950148718276        2.1447950148718276        2.1308985285443534        2.1447950148718276        2.1447950148718276        2.1447950148718276        2.1447950148718276        2.0446044823823519        2.1447950148718276        2.1447950148718276        2.1447950148718276        2.1447950148718276        2.1308985285443534        2.1447950148718276        2.1447950148718276        2.1447950148718276        2.1447950148718276        2.0446044823823519        2.1447950148718276        2.1447950148718276        2.1447950148718276        2.1447950148718276        2.1308985285443534        2.1447950148718276        2.1447950148718276        2.1447950148718276        2.1447950148718276        2.0446044823823519        2.1447950148718276        2.1447950148718276        2.1447950148718276        2.1447950148718276        2.1308985285443534        2.1447950148718276        2.1447950148718276        2.1447950148718276        2.1447950148718276        2.0446044823823519        2.1447950148718276        2.1447950148718276        2.1447950148718276        2.1447950148718276        2.1308985285443534        2.1447950148718276        2.1447950148718276        2.1447950148718276        2.1447950148718276        2.0446044823823519        2.1447950148718276        2.1447950148718276        2.1447950148718276        2.1447950148718276        2.1308985285443534        2.1447950148718276        2.1447950148718276        2.1447950148718276        2.1447950148718276        2.0446044823823519        2.1447950148718276        2.1447950148718276        2.1447950148718276        2.1447950148718276        2.1308985285443534        2.1447950148718276        2.1447950148718276        2.1447950148718276        2.1447950148718276        2.0446044823823519        2.1447950148718276        2.1447950148718276        2.1447950148718276        2.1447950148718276        2.1308985285443534        2.1447950148718276        2.1447950148718276        2.1447950148718276        2.1447950148718276        2.0446044823823519        2.1447950148718276        2.1447950148718276        2.1447950148718276        2.1447950148718276        2.1308985285443534        2.1447950148718276        2.1447950148718276        2.1447950148718276        2.1447950148718276        2.0446044823823519        2.1447950148718276        2.1447950148718276        2.1447950148718276        2.1447950148718276        2.1308985285443534        2.1447950148718276        2.1447950148718276        2.1447950148718276        2.1447950148718276        2.0446044823823519        2.1447950148718276        2.1447950148718276        2.1447950148718276        2.1447950148718276        2.1308985285443534        2.1447950148718276        2.1447950148718276        2.1447950148718276        2.1447950148718276        2.0446044823823519        2.1447950148718276        2.1447950148718276        2.1447950148718276        2.1447950148718276        2.1308985285443534        2.1447950148718276        2.1447950148718276        2.1447950148718276        2.1447950148718276        2.0446044823823519        2.1447950148718276        2.1447950148718276        2.1447950148718276        2.1447950148718276        2.1308985285443534        2.1447950148718276        2.1447950148718276        2.1447950148718276        2.1447950148718276        2.0446044823823519        2.1447950148718276        2.1447950148718276        2.1447950148718276        2.1447950148718276        2.1308985285443534        2.1447950148718276        2.1447950148718276        2.1447950148718276        2.1447950148718276        2.0446044823823519        2.1447950148718276        2.1447950148718276        2.1447950148718276        2.1447950148718276        2.1308985285443534        2.1447950148718276        2.1447950148718276        2.1447950148718276        2.1447950148718276        2.0446044823823519        2.1447950148718276        2.1447950148718276        2.1447950148718276        2.1447950148718276        2.1308985285443534        2.1447950148718276        2.1447950148718276        2.1447950148718276        2.1447950148718276        2.0446044823823519        2.1447950148718276        2.1447950148718276        2.1447950148718276        2.1447950148718276        2.1308985285443534        2.1447950148718276        2.1447950148718276        2.1447950148718276        2.1447950148718276        2.0446044823823519        2.1447950148718276        2.1447950148718276        2.1447950148718276        2.1447950148718276        2.1308985285443534        2.1447950148718276        2.1447950148718276        2.1447950148718276        2.1447950148718276        2.0446044823823519        2.1447950148718276        2.1447950148718276        2.1447950148718276        2.1447950148718276        2.1308985285443534        2.1447950148718276        2.1447950148718276        2.1447950148718276        2.1447950148718276        2.0446044823823519        2.1447950148718276        2.1447950148718276        2.1447950148718276        2.1447950148718276        2.1308985285443534        2.1447950148718276        2.1447950148718276        2.1447950148718276        2.1447950148718276        2.0446044823823519        2.1447950148718276        2.1447950148718276        2.1447950148718276        2.1447950148718276        2.1308985285443534        2.1447950148718276        2.1447950148718276        2.1447950148718276        2.1447950148718276        2.0446044823823519        2.1447950148718276        2.1447950148718276        2.1447950148718276        2.1447950148718276        2.1308985285443534        2.1447950148718276        2.1447950148718276        2.1447950148718276        2.1447950148718276        2.0446044823823519        2.1447950148718276        2.1447950148718276        2.1447950148718276        2.1447950148718276        2.1308985285443534        2.1447950148718276        2.1447950148718276        2.1447950148718276        2.1447950148718276        2.0446044823823519        2.1447950148718276        2.1447950148718276        2.1447950148718276        2.1447950148718276        2.1308985285443534        2.1447950148718276        2.1447950148718276        2.1447950148718276        2.1447950148718276        2.0446044823823519        2.1447950148718276        2.1447950148718276        2.1447950148718276        2.1447950148718276        2.1308985285443534        2.1447950148718276        2.1447950148718276        2.1447950148718276        2.1447950148718276        2.0446044823823519        2.1447950148718276        2.1447950148718276        2.1447950148718276        2.1447950148718276        2.1308985285443534        2.1447950148718276        2.1447950148718276        2.1447950148718276        2.1447950148718276        2.0446044823823519        2.1447950148718276        2.1447950148718276        2.1447950148718276        2.1447950148718276        2.1308985285443534        2.1447950148718276        2.1447950148718276        2.1447950148718276        2.1447950148718276        2.0446044823823519        2.1447950148718276        2.1447950148718276        2.1447950148718276        2.1447950148718276        2.1308985285443534        2.1447950148718276        2.1447950148718276        2.1447950148718276        2.1447950148718276        2.0446044823823519        2.1447950148718276        2.1447950148718276        2.1447950148718276        2.1447950148718276        2.1308985285443534        2.1447950148718276        2.1447950148718276        2.1447950148718276        2.1447950148718276        2.0446044823823519        2.1447950148718276        2.1447950148718276        2.1447950148718276        2.1447950148718276        2.1308985285443534        2.1447950148718276        2.1447950148718276        2.1447950148718276        2.1447950148718276        2.0446044823823519        2.1447950148718276        2.1447950148718276        2.1447950148718276        2.1447950148718276        2.1308985285443534        2.1447950148718276        2.1447950148718276        2.1447950148718276        2.1447950148718276        2.0446044823823519        2.1447950148718276        2.1447950148718276        2.1447950148718276        2.1447950148718276        2.1308985285443534        2.1447950148718276        2.1447950148718276        2.1447950148718276        2.1447950148718276        2.0446044823823519        2.1447950148718276        2.1447950148718276        2.1447950148718276        2.1447950148718276        2.1308985285443534        2.1447950148718276        2.1447950148718276        2.1447950148718276        2.1447950148718276        2.0446044823823519        2.1447950148718276        2.1447950148718276        2.1447950148718276        2.1447950148718276        2.1308985285443534        2.1447950148718276        2.1447950148718276        2.1447950148718276        2.1447950148718276        2.0446044823823519        2.1447950148718276        2.1447950148718276        2.1447950148718276        2.1447950148718276        2.1308985285443534        2.1447950148718276        2.1447950148718276        2.1447950148718276        2.1447950148718276        2.0446044823823519        2.1447950148718276        2.1447950148718276        2.1447950148718276        2.1447950148718276        2.1308985285443534        2.1447950148718276        2.1447950148718276        2.1447950148718276        2.1447950148718276        2.0446044823823519        2.1447950148718276        2.1447950148718276        2.1447950148718276        2.1447950148718276        2.1308985285443534        2.1447950148718276        2.1447950148718276        2.1447950148718276        2.1447950148718276        2.0446044823823519        2.1447950148718276        2.1447950148718276        2.1447950148718276        2.1447950148718276        2.1308985285443534        2.1447950148718276        2.1447950148718276        2.1447950148718276        2.1447950148718276        2.0446044823823519        2.1447950148718276        2.1447950148718276        2.1447950148718276        2.1447950148718276        2.1308985285443534        2.1447950148718276        2.1447950148718276        2.1447950148718276        2.1447950148718276        2.0446044823823519        2.1447950148718276        2.1447950148718276        2.1447950148718276        2.1447950148718276        2.1308985285443534        2.1447950148718276        2.1447950148718276        2.1447950148718276        2.1447950148718276        2.0446044823823519        2.1447950148718276        2.1447950148718276        2.1447950148718276        2.1447950148718276        2.1308985285443534        2.1447950148718276        2.1447950148718276        2.1447950148718276        2.1447950148718276        2.0446044823823519        2.1447950148718276        2.1447950148718276        2.1447950148718276        2.1447950148718276        2.1308985285443534        2.1447950148718276        2.1447950148718276        2.1447950148718276        2.1447950148718276        2.0446044823823519        2.1447950148718276        2.1447950148718276        2.1447950148718276        2.1447950148718276        2.1308985285443534        2.1447950148718276        2.1447950148718276        2.1447950148718276        2.1447950148718276        2.0446044823823519        2.1447950148718276        2.1447950148718276        2.1447950148718276        2.1447950148718276        2.1308985285443534        2.1447950148718276        2.1447950148718276        2.1447950148718276        2.1447950148718276        2.0446044823823519        2.1447950148718276        2.1447950148718276        2.1447950148718276        2.1447950148718276        2.1308985285443534        2.1447950148718276        2.1447950148718276        2.1447950148718276        2.1447950148718276        2.0446044823823519        2.1447950148718276        2.1447950148718276        2.1447950148718276        2.1447950148718276        2.1308985285443534        2.1447950148718276        2.1447950148718276        2.1447950148718276        2.1447950148718276        2.0446044823823519        2.1447950148718276        2.1447950148718276        2.1447950148718276        2.1447950148718276        2.1308985285443534        2.1447950148718276        2.1447950148718276        2.1447950148718276        2.1447950148718276        2.0446044823823519        2.1447950148718276        2.1447950148718276        2.1447950148718276        2.1447950148718276        2.1308985285443534        2.1447950148718276        2.1447950148718276        2.1447950148718276        2.1447950148718276        2.0446044823823519        2.1447950148718276        2.1447950148718276        2.1447950148718276        2.1447950148718276        2.1308985285443534        2.1447950148718276        2.1447950148718276        2.1447950148718276        2.1447950148718276        2.0446044823823519        2.1447950148718276        2.1447950148718276        2.1447950148718276        2.1447950148718276        2.1308985285443534        2.1447950148718276        2.1447950148718276        2.1447950148718276        2.1447950148718276        2.0446044823823519        2.1447950148718276        2.1447950148718276        2.1447950148718276        2.1447950148718276        2.1308985285443534        2.1447950148718276        2.1447950148718276        2.1447950148718276        2.1447950148718276        2.0446044823823519        2.1447950148718276        2.1447950148718276        2.1447950148718276        2.1447950148718276        2.1308985285443534        2.1447950148718276        2.1447950148718276        2.1447950148718276        2.1447950148718276        2.0446044823823519        2.1447950148718276        2.1447950148718276        2.1447950148718276        2.1447950148718276        2.1308985285443534        2.1447950148718276        2.1447950148718276        2.1447950148718276        2.1447950148718276        2.0446044823823519        2.1447950148718276        2.1447950148718276        2.1447950148718276        2.1447950148718276        2.1308985285443534        2.1447950148718276        2.1447950148718276        2.1447950148718276        2.1447950148718276        2.0446044823823519        2.1447950148718276        2.1447950148718276        2.1447950148718276        2.1447950148718276        2.1308985285443534        2.1447950148718276        2.1447950148718276        2.1447950148718276        2.1447950148718276        2.0446044823823519        2.1447950148718276        2.1447950148718276        2.1447950148718276        2.1447950148718276        2.1308985285443534        2.1447950148718276        2.1447950148718276        2.1447950148718276        2.1447950148718276        2.0446044823823519        2.1447950148718276        2.1447950148718276        2.1447950148718276        2.1447950148718276        2.1308985285443534        2.1447950148718276        2.1447950148718276        2.1447950148718276        2.1447950148718276        2.0446044823823519        2.1447950148718276        2.1447950148718276        2.1447950148718276        2.1447950148718276        2.1308985285443534        2.1447950148718276        2.1447950148718276        2.1447950148718276        2.1447950148718276        2.0446044823823519        2.1447950148718276        2.1447950148718276        2.1447950148718276        2.1447950148718276        2.1308985285443534        2.1447950148718276        2.1447950148718276        2.1447950148718276        2.1447950148718276        2.0446044823823519        2.1447950148718276        2.1447950148718276        2.1447950148718276        2.1447950148718276        2.1308985285443534        2.1447950148718276        2.1447950148718276        2.1447950148718276        2.1447950148718276        2.0446044823823519        2.1447950148718276        2.1447950148718276        2.1447950148718276        2.1447950148718276        2.1308985285443534        2.1447950148718276        2.1447950148718276        2.1447950148718276        2.1447950148718276        2.0446044823823519        2.1447950148718276        2.1447950148718276        2.1447950148718276        2.1447950148718276        2.1308985285443534        2.1447950148718276        2.1447950148718276        2.1447950148718276        2.1447950148718276        2.0446044823823519        2.1447950148718276        2.1447950148718276        2.1447950148718276        2.1447950148718276        2.1308985285443534        2.1447950148718276        2.1447950148718276        2.1447950148718276        2.1447950148718276        2.0446044823823519        2.1447950148718276        2.1447950148718276        2.1447950148718276        2.1447950148718276        2.1308985285443534        2.1447950148718276        2.1447950148718276        2.1447950148718276        2.1447950148718276        2.0446044823823519        2.1447950148718276        2.1447950148718276        2.1447950148718276        2.1447950148718276        2.1308985285443534        2.1447950148718276        2.1447950148718276        2.1447950148718276        2.1447950148718276        2.0446044823823519        2.1447950148718276        2.1447950148718276        2.1447950148718276        2.1447950148718276        2.1308985285443534        2.1447950148718276        2.1447950148718276        2.1447950148718276     
 dpsih:
   171.19286164123653        113.67811898547615        169.99825759240969        171.22646444096836        171.19873093816838        171.22640030275787        158.07394663423631        171.65104425792313        171.52571627052475        171.16515699667201        171.19286164123653        113.67811898547615        169.99825759240969        171.22646444096836        171.19873093816838        171.22640030275787        158.07394663423631        171.65104425792313        171.52571627052475        171.16515699667201        171.19286164123653        113.67811898547615        169.99825759240969        171.22646444096836        171.19873093816838        171.22640030275787        158.07394663423631        171.65104425792313        171.52571627052475        171.16515699667201        171.19286164123653        113.67811898547615        169.99825759240969        171.22646444096836        171.19873093816838        171.22640030275787        158.07394663423631        171.65104425792313        171.52571627052475        171.16515699667201        171.19286164123653        113.67811898547615        169.99825759240969        171.22646444096836        171.19873093816838        171.22640030275787        158.07394663423631        171.65104425792313        171.52571627052475        171.16515699667201        171.19286164123653        113.67811898547615        169.99825759240969        171.22646444096836        171.19873093816838        171.22640030275787        158.07394663423631        171.65104425792313        171.52571627052475        171.16515699667201        171.19286164123653        113.67811898547615        169.99825759240969        171.22646444096836        171.19873093816838        171.22640030275787        158.07394663423631        171.65104425792313        171.52571627052475        171.16515699667201        171.19286164123653        113.67811898547615        169.99825759240969        171.22646444096836        171.19873093816838        171.22640030275787        158.07394663423631        171.65104425792313        171.52571627052475        171.16515699667201        171.19286164123653        113.67811898547615        169.99825759240969        171.22646444096836        171.19873093816838        171.22640030275787        158.07394663423631        171.65104425792313        171.52571627052475        171.16515699667201        171.19286164123653        113.67811898547615        169.99825759240969        171.22646444096836        171.19873093816838        171.22640030275787        158.07394663423631        171.65104425792313        171.52571627052475        171.16515699667201        171.19286164123653        113.67811898547615        169.99825759240969        171.22646444096836        171.19873093816838        171.22640030275787        158.07394663423631        171.65104425792313        171.52571627052475        171.16515699667201        171.19286164123653        113.67811898547615        169.99825759240969        171.22646444096836        171.19873093816838        171.22640030275787        158.07394663423631        171.65104425792313        171.52571627052475        171.16515699667201        171.19286164123653        113.67811898547615        169.99825759240969        171.22646444096836        171.19873093816838        171.22640030275787        158.07394663423631        171.65104425792313        171.52571627052475        171.16515699667201        171.19286164123653        113.67811898547615        169.99825759240969        171.22646444096836        171.19873093816838        171.22640030275787        158.07394663423631        171.65104425792313        171.52571627052475        171.16515699667201        171.19286164123653        113.67811898547615        169.99825759240969        171.22646444096836        171.19873093816838        171.22640030275787        158.07394663423631        171.65104425792313        171.52571627052475        171.16515699667201        171.19286164123653        113.67811898547615        169.99825759240969        171.22646444096836        171.19873093816838        171.22640030275787        158.07394663423631        171.65104425792313        171.52571627052475        171.16515699667201        171.19286164123653        113.67811898547615        169.99825759240969        171.22646444096836        171.19873093816838        171.22640030275787        158.07394663423631        171.65104425792313        171.52571627052475        171.16515699667201        171.19286164123653        113.67811898547615        169.99825759240969        171.22646444096836        171.19873093816838        171.22640030275787        158.07394663423631        171.65104425792313        171.52571627052475        171.16515699667201        171.19286164123653        113.67811898547615        169.99825759240969        171.22646444096836        171.19873093816838        171.22640030275787        158.07394663423631        171.65104425792313        171.52571627052475        171.16515699667201        171.19286164123653        113.67811898547615        169.99825759240969        171.22646444096836        171.19873093816838        171.22640030275787        158.07394663423631        171.65104425792313        171.52571627052475        171.16515699667201        171.19286164123653        113.67811898547615        169.99825759240969        171.22646444096836        171.19873093816838        171.22640030275787        158.07394663423631        171.65104425792313        171.52571627052475        171.16515699667201        171.19286164123653        113.67811898547615        169.99825759240969        171.22646444096836        171.19873093816838        171.22640030275787        158.07394663423631        171.65104425792313        171.52571627052475        171.16515699667201        171.19286164123653        113.67811898547615        169.99825759240969        171.22646444096836        171.19873093816838        171.22640030275787        158.07394663423631        171.65104425792313        171.52571627052475        171.16515699667201        171.19286164123653        113.67811898547615        169.99825759240969        171.22646444096836        171.19873093816838        171.22640030275787        158.07394663423631        171.65104425792313        171.52571627052475        171.16515699667201        171.19286164123653        113.67811898547615        169.99825759240969        171.22646444096836        171.19873093816838        171.22640030275787        158.07394663423631        171.65104425792313        171.52571627052475        171.16515699667201        171.19286164123653        113.67811898547615        169.99825759240969        171.22646444096836        171.19873093816838        171.22640030275787        158.07394663423631        171.65104425792313        171.52571627052475        171.16515699667201        171.19286164123653        113.67811898547615        169.99825759240969        171.22646444096836        171.19873093816838        171.22640030275787        158.07394663423631        171.65104425792313        171.52571627052475        171.16515699667201        171.19286164123653        113.67811898547615        169.99825759240969        171.22646444096836        171.19873093816838        171.22640030275787        158.07394663423631        171.65104425792313        171.52571627052475        171.16515699667201        171.19286164123653        113.67811898547615        169.99825759240969        171.22646444096836        171.19873093816838        171.22640030275787        158.07394663423631        171.65104425792313        171.52571627052475        171.16515699667201        171.19286164123653        113.67811898547615        169.99825759240969        171.22646444096836        171.19873093816838        171.22640030275787        158.07394663423631        171.65104425792313        171.52571627052475        171.16515699667201        171.19286164123653        113.67811898547615        169.99825759240969        171.22646444096836        171.19873093816838        171.22640030275787        158.07394663423631        171.65104425792313        171.52571627052475        171.16515699667201        171.19286164123653        113.67811898547615        169.99825759240969        171.22646444096836        171.19873093816838        171.22640030275787        158.07394663423631        171.65104425792313        171.52571627052475        171.16515699667201        171.19286164123653        113.67811898547615        169.99825759240969        171.22646444096836        171.19873093816838        171.22640030275787        158.07394663423631        171.65104425792313        171.52571627052475        171.16515699667201        171.19286164123653        113.67811898547615        169.99825759240969        171.22646444096836        171.19873093816838        171.22640030275787        158.07394663423631        171.65104425792313        171.52571627052475        171.16515699667201        171.19286164123653        113.67811898547615        169.99825759240969        171.22646444096836        171.19873093816838        171.22640030275787        158.07394663423631        171.65104425792313        171.52571627052475        171.16515699667201        171.19286164123653        113.67811898547615        169.99825759240969        171.22646444096836        171.19873093816838        171.22640030275787        158.07394663423631        171.65104425792313        171.52571627052475        171.16515699667201        171.19286164123653        113.67811898547615        169.99825759240969        171.22646444096836        171.19873093816838        171.22640030275787        158.07394663423631        171.65104425792313        171.52571627052475        171.16515699667201        171.19286164123653        113.67811898547615        169.99825759240969        171.22646444096836        171.19873093816838        171.22640030275787        158.07394663423631        171.65104425792313        171.52571627052475        171.16515699667201        171.19286164123653        113.67811898547615        169.99825759240969        171.22646444096836        171.19873093816838        171.22640030275787        158.07394663423631        171.65104425792313        171.52571627052475        171.16515699667201        171.19286164123653        113.67811898547615        169.99825759240969        171.22646444096836        171.19873093816838        171.22640030275787        158.07394663423631        171.65104425792313        171.52571627052475        171.16515699667201        171.19286164123653        113.67811898547615        169.99825759240969        171.22646444096836        171.19873093816838        171.22640030275787        158.07394663423631        171.65104425792313        171.52571627052475        171.16515699667201        171.19286164123653        113.67811898547615        169.99825759240969        171.22646444096836        171.19873093816838        171.22640030275787        158.07394663423631        171.65104425792313        171.52571627052475        171.16515699667201        171.19286164123653        113.67811898547615        169.99825759240969        171.22646444096836        171.19873093816838        171.22640030275787        158.07394663423631        171.65104425792313        171.52571627052475        171.16515699667201        171.19286164123653        113.67811898547615        169.99825759240969        171.22646444096836        171.19873093816838        171.22640030275787        158.07394663423631        171.65104425792313        171.52571627052475        171.16515699667201        171.19286164123653        113.67811898547615        169.99825759240969        171.22646444096836        171.19873093816838        171.22640030275787        158.07394663423631        171.65104425792313        171.52571627052475        171.16515699667201        171.19286164123653        113.67811898547615        169.99825759240969        171.22646444096836        171.19873093816838        171.22640030275787        158.07394663423631        171.65104425792313        171.52571627052475        171.16515699667201        171.19286164123653        113.67811898547615        169.99825759240969        171.22646444096836        171.19873093816838        171.22640030275787        158.07394663423631        171.65104425792313        171.52571627052475        171.16515699667201        171.19286164123653        113.67811898547615        169.99825759240969        171.22646444096836        171.19873093816838        171.22640030275787        158.07394663423631        171.65104425792313        171.52571627052475        171.16515699667201        171.19286164123653        113.67811898547615        169.99825759240969        171.22646444096836        171.19873093816838        171.22640030275787        158.07394663423631        171.65104425792313        171.52571627052475        171.16515699667201        171.19286164123653        113.67811898547615        169.99825759240969        171.22646444096836        171.19873093816838        171.22640030275787        158.07394663423631        171.65104425792313        171.52571627052475        171.16515699667201        171.19286164123653        113.67811898547615        169.99825759240969        171.22646444096836        171.19873093816838        171.22640030275787        158.07394663423631        171.65104425792313        171.52571627052475        171.16515699667201        171.19286164123653        113.67811898547615        169.99825759240969        171.22646444096836        171.19873093816838        171.22640030275787        158.07394663423631        171.65104425792313        171.52571627052475        171.16515699667201        171.19286164123653        113.67811898547615        169.99825759240969        171.22646444096836        171.19873093816838        171.22640030275787        158.07394663423631        171.65104425792313        171.52571627052475        171.16515699667201        171.19286164123653        113.67811898547615        169.99825759240969        171.22646444096836        171.19873093816838        171.22640030275787        158.07394663423631        171.65104425792313        171.52571627052475        171.16515699667201        171.19286164123653        113.67811898547615        169.99825759240969        171.22646444096836        171.19873093816838        171.22640030275787        158.07394663423631        171.65104425792313        171.52571627052475        171.16515699667201        171.19286164123653        113.67811898547615        169.99825759240969        171.22646444096836        171.19873093816838        171.22640030275787        158.07394663423631        171.65104425792313        171.52571627052475        171.16515699667201        171.19286164123653        113.67811898547615        169.99825759240969        171.22646444096836        171.19873093816838        171.22640030275787        158.07394663423631        171.65104425792313        171.52571627052475        171.16515699667201        171.19286164123653        113.67811898547615        169.99825759240969        171.22646444096836        171.19873093816838        171.22640030275787        158.07394663423631        171.65104425792313        171.52571627052475        171.16515699667201        171.19286164123653        113.67811898547615        169.99825759240969        171.22646444096836        171.19873093816838        171.22640030275787        158.07394663423631        171.65104425792313        171.52571627052475        171.16515699667201        171.19286164123653        113.67811898547615        169.99825759240969        171.22646444096836        171.19873093816838        171.22640030275787        158.07394663423631        171.65104425792313        171.52571627052475        171.16515699667201        171.19286164123653        113.67811898547615        169.99825759240969        171.22646444096836        171.19873093816838        171.22640030275787        158.07394663423631        171.65104425792313        171.52571627052475        171.16515699667201        171.19286164123653        113.67811898547615        169.99825759240969        171.22646444096836        171.19873093816838        171.22640030275787        158.07394663423631        171.65104425792313        171.52571627052475        171.16515699667201        171.19286164123653        113.67811898547615        169.99825759240969        171.22646444096836        171.19873093816838        171.22640030275787        158.07394663423631        171.65104425792313        171.52571627052475        171.16515699667201        171.19286164123653        113.67811898547615        169.99825759240969        171.22646444096836        171.19873093816838        171.22640030275787        158.07394663423631        171.65104425792313        171.52571627052475        171.16515699667201        171.19286164123653        113.67811898547615        169.99825759240969        171.22646444096836        171.19873093816838        171.22640030275787        158.07394663423631        171.65104425792313        171.52571627052475        171.16515699667201        171.19286164123653        113.67811898547615        169.99825759240969        171.22646444096836        171.19873093816838        171.22640030275787        158.07394663423631        171.65104425792313        171.52571627052475        171.16515699667201        171.19286164123653        113.67811898547615        169.99825759240969        171.22646444096836        171.19873093816838        171.22640030275787        158.07394663423631        171.65104425792313        171.52571627052475        171.16515699667201        171.19286164123653        113.67811898547615        169.99825759240969        171.22646444096836        171.19873093816838        171.22640030275787        158.07394663423631        171.65104425792313        171.52571627052475        171.16515699667201        171.19286164123653        113.67811898547615        169.99825759240969        171.22646444096836        171.19873093816838        171.22640030275787        158.07394663423631        171.65104425792313        171.52571627052475        171.16515699667201        171.19286164123653        113.67811898547615        169.99825759240969        171.22646444096836        171.19873093816838        171.22640030275787        158.07394663423631        171.65104425792313        171.52571627052475        171.16515699667201        171.19286164123653        113.67811898547615        169.99825759240969        171.22646444096836        171.19873093816838        171.22640030275787        158.07394663423631        171.65104425792313        171.52571627052475        171.16515699667201        171.19286164123653        113.67811898547615        169.99825759240969        171.22646444096836        171.19873093816838        171.22640030275787        158.07394663423631        171.65104425792313        171.52571627052475        171.16515699667201        171.19286164123653        113.67811898547615        169.99825759240969        171.22646444096836        171.19873093816838        171.22640030275787        158.07394663423631        171.65104425792313        171.52571627052475        171.16515699667201        171.19286164123653        113.67811898547615        169.99825759240969        171.22646444096836        171.19873093816838        171.22640030275787        158.07394663423631        171.65104425792313        171.52571627052475        171.16515699667201        171.19286164123653        113.67811898547615        169.99825759240969        171.22646444096836        171.19873093816838        171.22640030275787        158.07394663423631        171.65104425792313        171.52571627052475        171.16515699667201        171.19286164123653        113.67811898547615        169.99825759240969        171.22646444096836        171.19873093816838        171.22640030275787        158.07394663423631        171.65104425792313        171.52571627052475        171.16515699667201        171.19286164123653        113.67811898547615        169.99825759240969        171.22646444096836        171.19873093816838        171.22640030275787        158.07394663423631        171.65104425792313        171.52571627052475        171.16515699667201        171.19286164123653        113.67811898547615        169.99825759240969        171.22646444096836        171.19873093816838        171.22640030275787        158.07394663423631        171.65104425792313        171.52571627052475        171.16515699667201        171.19286164123653        113.67811898547615        169.99825759240969        171.22646444096836        171.19873093816838        171.22640030275787        158.07394663423631        171.65104425792313        171.52571627052475        171.16515699667201        171.19286164123653        113.67811898547615        169.99825759240969        171.22646444096836        171.19873093816838        171.22640030275787        158.07394663423631        171.65104425792313        171.52571627052475        171.16515699667201        171.19286164123653        113.67811898547615        169.99825759240969        171.22646444096836        171.19873093816838        171.22640030275787        158.07394663423631        171.65104425792313        171.52571627052475        171.16515699667201        171.19286164123653        113.67811898547615        169.99825759240969        171.22646444096836        171.19873093816838        171.22640030275787        158.07394663423631        171.65104425792313        171.52571627052475        171.16515699667201        171.19286164123653        113.67811898547615        169.99825759240969        171.22646444096836        171.19873093816838        171.22640030275787        158.07394663423631        171.65104425792313        171.52571627052475        171.16515699667201        171.19286164123653        113.67811898547615        169.99825759240969        171.22646444096836        171.19873093816838        171.22640030275787        158.07394663423631        171.65104425792313        171.52571627052475        171.16515699667201        171.19286164123653        113.67811898547615        169.99825759240969        171.22646444096836        171.19873093816838        171.22640030275787        158.07394663423631        171.65104425792313        171.52571627052475        171.16515699667201        171.19286164123653        113.67811898547615        169.99825759240969        171.22646444096836        171.19873093816838        171.22640030275787        158.07394663423631        171.65104425792313        171.52571627052475        171.16515699667201        171.19286164123653        113.67811898547615        169.99825759240969        171.22646444096836        171.19873093816838        171.22640030275787        158.07394663423631        171.65104425792313        171.52571627052475        171.16515699667201        171.19286164123653        113.67811898547615        169.99825759240969        171.22646444096836        171.19873093816838        171.22640030275787        158.07394663423631        171.65104425792313        171.52571627052475        171.16515699667201        171.19286164123653        113.67811898547615        169.99825759240969        171.22646444096836        171.19873093816838        171.22640030275787        158.07394663423631        171.65104425792313        171.52571627052475        171.16515699667201        171.19286164123653        113.67811898547615        169.99825759240969        171.22646444096836        171.19873093816838        171.22640030275787        158.07394663423631        171.65104425792313        171.52571627052475        171.16515699667201        171.19286164123653        113.67811898547615        169.99825759240969        171.22646444096836        171.19873093816838        171.22640030275787        158.07394663423631        171.65104425792313        171.52571627052475        171.16515699667201        171.19286164123653        113.67811898547615        169.99825759240969        171.22646444096836        171.19873093816838        171.22640030275787        158.07394663423631        171.65104425792313        171.52571627052475        171.16515699667201        171.19286164123653        113.67811898547615        169.99825759240969        171.22646444096836        171.19873093816838        171.22640030275787        158.07394663423631        171.65104425792313        171.52571627052475        171.16515699667201        171.19286164123653        113.67811898547615        169.99825759240969        171.22646444096836        171.19873093816838        171.22640030275787        158.07394663423631        171.65104425792313        171.52571627052475        171.16515699667201        171.19286164123653        113.67811898547615        169.99825759240969        171.22646444096836        171.19873093816838        171.22640030275787        158.07394663423631        171.65104425792313        171.52571627052475        171.16515699667201        171.19286164123653        113.67811898547615        169.99825759240969        171.22646444096836        171.19873093816838        171.22640030275787        158.07394663423631        171.65104425792313        171.52571627052475        171.16515699667201        171.19286164123653        113.67811898547615        169.99825759240969        171.22646444096836        171.19873093816838        171.22640030275787        158.07394663423631        171.65104425792313        171.52571627052475        171.16515699667201        171.19286164123653        113.67811898547615        169.99825759240969        171.22646444096836        171.19873093816838        171.22640030275787        158.07394663423631        171.65104425792313        171.52571627052475        171.16515699667201        171.19286164123653        113.67811898547615        169.99825759240969        171.22646444096836        171.19873093816838        171.22640030275787        158.07394663423631        171.65104425792313        171.52571627052475        171.16515699667201        171.19286164123653        113.67811898547615        169.99825759240969        171.22646444096836        171.19873093816838        171.22640030275787        158.07394663423631        171.65104425792313        171.52571627052475        171.16515699667201     
 momentum_flux_u:
   61.910309962719452        61.910309962719452        61.910309962719452        61.910309962719452        61.910309962719452        61.910309962719452        61.910309962719452        61.910309962719452        61.910309962719452        61.910309962719452        61.910309962719452        61.910309962719452        61.910309962719452        61.910309962719452        61.910309962719452        61.910309962719452        61.910309962719452        61.910309962719452        61.910309962719452        61.910309962719452        61.910309962719452        61.910309962719452        61.910309962719452        61.910309962719452        61.910309962719452        61.910309962719452        61.910309962719452        61.910309962719452        61.910309962719452        61.910309962719452        61.910309962719452        61.910309962719452        61.910309962719452        61.910309962719452        61.910309962719452        61.910309962719452        61.910309962719452        61.910309962719452        61.910309962719452        61.910309962719452        61.910309962719452        61.910309962719452        61.910309962719452        61.910309962719452        61.910309962719452        61.910309962719452        61.910309962719452        61.910309962719452        61.910309962719452        61.910309962719452        61.910309962719452        61.910309962719452        61.910309962719452        61.910309962719452        61.910309962719452        61.910309962719452        61.910309962719452        61.910309962719452        61.910309962719452        61.910309962719452        61.910309962719452        61.910309962719452        61.910309962719452        61.910309962719452        61.910309962719452        61.910309962719452        61.910309962719452        61.910309962719452        61.910309962719452        61.910309962719452        61.910309962719452        61.910309962719452        61.910309962719452        61.910309962719452        61.910309962719452        61.910309962719452        61.910309962719452        61.910309962719452        61.910309962719452        61.910309962719452        61.910309962719452        61.910309962719452        61.910309962719452        61.910309962719452        61.910309962719452        61.910309962719452        61.910309962719452        61.910309962719452        61.910309962719452        61.910309962719452        61.910309962719452        61.910309962719452        61.910309962719452        61.910309962719452        61.910309962719452        61.910309962719452        61.910309962719452        61.910309962719452        61.910309962719452        61.910309962719452        61.910309962719452        61.910309962719452        61.910309962719452        61.910309962719452        61.910309962719452        61.910309962719452        61.910309962719452        61.910309962719452        61.910309962719452        61.910309962719452        61.910309962719452        61.910309962719452        61.910309962719452        61.910309962719452        61.910309962719452        61.910309962719452        61.910309962719452        61.910309962719452        61.910309962719452        61.910309962719452        61.910309962719452        61.910309962719452        61.910309962719452        61.910309962719452        61.910309962719452        61.910309962719452        61.910309962719452        61.910309962719452        61.910309962719452        61.910309962719452        61.910309962719452        61.910309962719452        61.910309962719452        61.910309962719452        61.910309962719452        61.910309962719452        61.910309962719452        61.910309962719452        61.910309962719452        61.910309962719452        61.910309962719452        61.910309962719452        61.910309962719452        61.910309962719452        61.910309962719452        61.910309962719452        61.910309962719452        61.910309962719452        61.910309962719452        61.910309962719452        61.910309962719452        61.910309962719452        61.910309962719452        61.910309962719452        61.910309962719452        61.910309962719452        61.910309962719452        61.910309962719452        61.910309962719452        61.910309962719452        61.910309962719452        61.910309962719452        61.910309962719452        61.910309962719452        61.910309962719452        61.910309962719452        61.910309962719452        61.910309962719452        61.910309962719452        61.910309962719452        61.910309962719452        61.910309962719452        61.910309962719452        61.910309962719452        61.910309962719452        61.910309962719452        61.910309962719452        61.910309962719452        61.910309962719452        61.910309962719452        61.910309962719452        61.910309962719452        61.910309962719452        61.910309962719452        61.910309962719452        61.910309962719452        61.910309962719452        61.910309962719452        61.910309962719452        61.910309962719452        61.910309962719452        61.910309962719452        61.910309962719452        61.910309962719452        61.910309962719452        61.910309962719452        61.910309962719452        61.910309962719452        61.910309962719452        61.910309962719452        61.910309962719452        61.910309962719452        61.910309962719452        61.910309962719452        61.910309962719452        61.910309962719452        61.910309962719452        61.910309962719452        61.910309962719452        61.910309962719452        61.910309962719452        61.910309962719452        61.910309962719452        61.910309962719452        61.910309962719452        61.910309962719452        61.910309962719452        61.910309962719452        61.910309962719452        61.910309962719452        61.910309962719452        61.910309962719452        61.910309962719452        61.910309962719452        61.910309962719452        61.910309962719452        61.910309962719452        61.910309962719452        61.910309962719452        61.910309962719452        61.910309962719452        61.910309962719452        61.910309962719452        61.910309962719452        61.910309962719452        61.910309962719452        61.910309962719452        61.910309962719452        61.910309962719452        61.910309962719452        61.910309962719452        61.910309962719452        61.910309962719452        61.910309962719452        61.910309962719452        61.910309962719452        61.910309962719452        61.910309962719452        61.910309962719452        61.910309962719452        61.910309962719452        61.910309962719452        61.910309962719452        61.910309962719452        61.910309962719452        61.910309962719452        61.910309962719452        61.910309962719452        61.910309962719452        61.910309962719452        61.910309962719452        61.910309962719452        61.910309962719452        61.910309962719452        61.910309962719452        61.910309962719452        61.910309962719452        61.910309962719452        61.910309962719452        61.910309962719452        61.910309962719452        61.910309962719452        61.910309962719452        61.910309962719452        61.910309962719452        61.910309962719452        61.910309962719452        61.910309962719452        61.910309962719452        61.910309962719452        61.910309962719452        61.910309962719452        61.910309962719452        61.910309962719452        61.910309962719452        61.910309962719452        61.910309962719452        61.910309962719452        61.910309962719452        61.910309962719452        61.910309962719452        61.910309962719452        61.910309962719452        61.910309962719452        61.910309962719452        61.910309962719452        61.910309962719452        61.910309962719452        61.910309962719452        61.910309962719452        61.910309962719452        61.910309962719452        61.910309962719452        61.910309962719452        61.910309962719452        61.910309962719452        61.910309962719452        61.910309962719452        61.910309962719452        61.910309962719452        61.910309962719452        61.910309962719452        61.910309962719452        61.910309962719452        61.910309962719452        61.910309962719452        61.910309962719452        61.910309962719452        61.910309962719452        61.910309962719452        61.910309962719452        61.910309962719452        61.910309962719452        61.910309962719452        61.910309962719452        61.910309962719452        61.910309962719452        61.910309962719452        61.910309962719452        61.910309962719452        61.910309962719452        61.910309962719452        61.910309962719452        61.910309962719452        61.910309962719452        61.910309962719452        61.910309962719452        61.910309962719452        61.910309962719452        61.910309962719452        61.910309962719452        61.910309962719452        61.910309962719452        61.910309962719452        61.910309962719452        61.910309962719452        61.910309962719452        61.910309962719452        61.910309962719452        61.910309962719452        61.910309962719452        61.910309962719452        61.910309962719452        61.910309962719452        61.910309962719452        61.910309962719452        61.910309962719452        61.910309962719452        61.910309962719452        61.910309962719452        61.910309962719452        61.910309962719452        61.910309962719452        61.910309962719452        61.910309962719452        61.910309962719452        61.910309962719452        61.910309962719452        61.910309962719452        61.910309962719452        61.910309962719452        61.910309962719452        61.910309962719452        61.910309962719452        61.910309962719452        61.910309962719452        61.910309962719452        61.910309962719452        61.910309962719452        61.910309962719452        61.910309962719452        61.910309962719452        61.910309962719452        61.910309962719452        61.910309962719452        61.910309962719452        61.910309962719452        61.910309962719452        61.910309962719452        61.910309962719452        61.910309962719452        61.910309962719452        61.910309962719452        61.910309962719452        61.910309962719452        61.910309962719452        61.910309962719452        61.910309962719452        61.910309962719452        61.910309962719452        61.910309962719452        61.910309962719452        61.910309962719452        61.910309962719452        61.910309962719452        61.910309962719452        61.910309962719452        61.910309962719452        61.910309962719452        61.910309962719452        61.910309962719452        61.910309962719452        61.910309962719452        61.910309962719452        61.910309962719452        61.910309962719452        61.910309962719452        61.910309962719452        61.910309962719452        61.910309962719452        61.910309962719452        61.910309962719452        61.910309962719452        61.910309962719452        61.910309962719452        61.910309962719452        61.910309962719452        61.910309962719452        61.910309962719452        61.910309962719452        61.910309962719452        61.910309962719452        61.910309962719452        61.910309962719452        61.910309962719452        61.910309962719452        61.910309962719452        61.910309962719452        61.910309962719452        61.910309962719452        61.910309962719452        61.910309962719452        61.910309962719452        61.910309962719452        61.910309962719452        61.910309962719452        61.910309962719452        61.910309962719452        61.910309962719452        61.910309962719452        61.910309962719452        61.910309962719452        61.910309962719452        61.910309962719452        61.910309962719452        61.910309962719452        61.910309962719452        61.910309962719452        61.910309962719452        61.910309962719452        61.910309962719452        61.910309962719452        61.910309962719452        61.910309962719452        61.910309962719452        61.910309962719452        61.910309962719452        61.910309962719452        61.910309962719452        61.910309962719452        61.910309962719452        61.910309962719452        61.910309962719452        61.910309962719452        61.910309962719452        61.910309962719452        61.910309962719452        61.910309962719452        61.910309962719452        61.910309962719452        61.910309962719452        61.910309962719452        61.910309962719452        61.910309962719452        61.910309962719452        61.910309962719452        61.910309962719452        61.910309962719452        61.910309962719452        61.910309962719452        61.910309962719452        61.910309962719452        61.910309962719452        61.910309962719452        61.910309962719452        61.910309962719452        61.910309962719452        61.910309962719452        61.910309962719452        61.910309962719452        61.910309962719452        61.910309962719452        61.910309962719452        61.910309962719452        61.910309962719452        61.910309962719452        61.910309962719452        61.910309962719452        61.910309962719452        61.910309962719452        61.910309962719452        61.910309962719452        61.910309962719452        61.910309962719452        61.910309962719452        61.910309962719452        61.910309962719452        61.910309962719452        61.910309962719452        61.910309962719452        61.910309962719452        61.910309962719452        61.910309962719452        61.910309962719452        61.910309962719452        61.910309962719452        61.910309962719452        61.910309962719452        61.910309962719452        61.910309962719452        61.910309962719452        61.910309962719452        61.910309962719452        61.910309962719452        61.910309962719452        61.910309962719452        61.910309962719452        61.910309962719452        61.910309962719452        61.910309962719452        61.910309962719452        61.910309962719452        61.910309962719452        61.910309962719452        61.910309962719452        61.910309962719452        61.910309962719452        61.910309962719452        61.910309962719452        61.910309962719452        61.910309962719452        61.910309962719452        61.910309962719452        61.910309962719452        61.910309962719452        61.910309962719452        61.910309962719452        61.910309962719452        61.910309962719452        61.910309962719452        61.910309962719452        61.910309962719452        61.910309962719452        61.910309962719452        61.910309962719452        61.910309962719452        61.910309962719452        61.910309962719452        61.910309962719452        61.910309962719452        61.910309962719452        61.910309962719452        61.910309962719452        61.910309962719452        61.910309962719452        61.910309962719452        61.910309962719452        61.910309962719452        61.910309962719452        61.910309962719452        61.910309962719452        61.910309962719452        61.910309962719452        61.910309962719452        61.910309962719452        61.910309962719452        61.910309962719452        61.910309962719452        61.910309962719452        61.910309962719452        61.910309962719452        61.910309962719452        61.910309962719452        61.910309962719452        61.910309962719452        61.910309962719452        61.910309962719452        61.910309962719452        61.910309962719452        61.910309962719452        61.910309962719452        61.910309962719452        61.910309962719452        61.910309962719452        61.910309962719452        61.910309962719452        61.910309962719452        61.910309962719452        61.910309962719452        61.910309962719452        61.910309962719452        61.910309962719452        61.910309962719452        61.910309962719452        61.910309962719452        61.910309962719452        61.910309962719452        61.910309962719452        61.910309962719452        61.910309962719452        61.910309962719452        61.910309962719452        61.910309962719452        61.910309962719452        61.910309962719452        61.910309962719452        61.910309962719452        61.910309962719452        61.910309962719452        61.910309962719452        61.910309962719452        61.910309962719452        61.910309962719452        61.910309962719452        61.910309962719452        61.910309962719452        61.910309962719452        61.910309962719452        61.910309962719452        61.910309962719452        61.910309962719452        61.910309962719452        61.910309962719452        61.910309962719452        61.910309962719452        61.910309962719452        61.910309962719452        61.910309962719452        61.910309962719452        61.910309962719452        61.910309962719452        61.910309962719452        61.910309962719452        61.910309962719452        61.910309962719452        61.910309962719452        61.910309962719452        61.910309962719452        61.910309962719452        61.910309962719452        61.910309962719452        61.910309962719452        61.910309962719452        61.910309962719452        61.910309962719452        61.910309962719452        61.910309962719452        61.910309962719452        61.910309962719452        61.910309962719452        61.910309962719452        61.910309962719452        61.910309962719452        61.910309962719452        61.910309962719452        61.910309962719452        61.910309962719452        61.910309962719452        61.910309962719452        61.910309962719452        61.910309962719452        61.910309962719452        61.910309962719452        61.910309962719452        61.910309962719452        61.910309962719452        61.910309962719452        61.910309962719452        61.910309962719452        61.910309962719452        61.910309962719452        61.910309962719452        61.910309962719452        61.910309962719452        61.910309962719452        61.910309962719452        61.910309962719452        61.910309962719452        61.910309962719452        61.910309962719452        61.910309962719452        61.910309962719452        61.910309962719452        61.910309962719452        61.910309962719452        61.910309962719452        61.910309962719452        61.910309962719452        61.910309962719452        61.910309962719452        61.910309962719452        61.910309962719452        61.910309962719452        61.910309962719452        61.910309962719452        61.910309962719452        61.910309962719452        61.910309962719452        61.910309962719452        61.910309962719452        61.910309962719452        61.910309962719452        61.910309962719452        61.910309962719452        61.910309962719452        61.910309962719452        61.910309962719452        61.910309962719452        61.910309962719452        61.910309962719452        61.910309962719452        61.910309962719452        61.910309962719452        61.910309962719452        61.910309962719452        61.910309962719452        61.910309962719452        61.910309962719452        61.910309962719452        61.910309962719452        61.910309962719452        61.910309962719452        61.910309962719452        61.910309962719452        61.910309962719452        61.910309962719452        61.910309962719452        61.910309962719452        61.910309962719452        61.910309962719452        61.910309962719452        61.910309962719452        61.910309962719452        61.910309962719452        61.910309962719452        61.910309962719452        61.910309962719452        61.910309962719452        61.910309962719452        61.910309962719452        61.910309962719452        61.910309962719452        61.910309962719452        61.910309962719452        61.910309962719452        61.910309962719452        61.910309962719452        61.910309962719452        61.910309962719452        61.910309962719452        61.910309962719452        61.910309962719452        61.910309962719452        61.910309962719452        61.910309962719452        61.910309962719452        61.910309962719452        61.910309962719452        61.910309962719452        61.910309962719452        61.910309962719452        61.910309962719452        61.910309962719452        61.910309962719452        61.910309962719452        61.910309962719452        61.910309962719452        61.910309962719452        61.910309962719452        61.910309962719452        61.910309962719452        61.910309962719452        61.910309962719452        61.910309962719452        61.910309962719452        61.910309962719452        61.910309962719452        61.910309962719452        61.910309962719452        61.910309962719452        61.910309962719452        61.910309962719452        61.910309962719452        61.910309962719452        61.910309962719452        61.910309962719452        61.910309962719452        61.910309962719452        61.910309962719452        61.910309962719452        61.910309962719452        61.910309962719452        61.910309962719452        61.910309962719452        61.910309962719452        61.910309962719452        61.910309962719452        61.910309962719452        61.910309962719452        61.910309962719452        61.910309962719452        61.910309962719452        61.910309962719452        61.910309962719452        61.910309962719452        61.910309962719452        61.910309962719452        61.910309962719452        61.910309962719452        61.910309962719452        61.910309962719452        61.910309962719452        61.910309962719452        61.910309962719452        61.910309962719452        61.910309962719452        61.910309962719452        61.910309962719452        61.910309962719452        61.910309962719452        61.910309962719452        61.910309962719452        61.910309962719452        61.910309962719452        61.910309962719452        61.910309962719452        61.910309962719452        61.910309962719452        61.910309962719452        61.910309962719452        61.910309962719452        61.910309962719452        61.910309962719452        61.910309962719452        61.910309962719452        61.910309962719452        61.910309962719452        61.910309962719452        61.910309962719452        61.910309962719452        61.910309962719452        61.910309962719452        61.910309962719452        61.910309962719452        61.910309962719452        61.910309962719452        61.910309962719452        61.910309962719452        61.910309962719452        61.910309962719452        61.910309962719452        61.910309962719452        61.910309962719452        61.910309962719452        61.910309962719452        61.910309962719452        61.910309962719452        61.910309962719452        61.910309962719452        61.910309962719452        61.910309962719452        61.910309962719452        61.910309962719452        61.910309962719452        61.910309962719452        61.910309962719452        61.910309962719452        61.910309962719452        61.910309962719452        61.910309962719452        61.910309962719452        61.910309962719452        61.910309962719452        61.910309962719452        61.910309962719452        61.910309962719452        61.910309962719452        61.910309962719452        61.910309962719452        61.910309962719452        61.910309962719452        61.910309962719452        61.910309962719452        61.910309962719452        61.910309962719452        61.910309962719452        61.910309962719452        61.910309962719452        61.910309962719452        61.910309962719452        61.910309962719452        61.910309962719452        61.910309962719452        61.910309962719452        61.910309962719452        61.910309962719452        61.910309962719452        61.910309962719452        61.910309962719452        61.910309962719452        61.910309962719452        61.910309962719452        61.910309962719452        61.910309962719452        61.910309962719452        61.910309962719452        61.910309962719452        61.910309962719452        61.910309962719452        61.910309962719452        61.910309962719452        61.910309962719452        61.910309962719452        61.910309962719452        61.910309962719452        61.910309962719452        61.910309962719452        61.910309962719452        61.910309962719452        61.910309962719452        61.910309962719452        61.910309962719452        61.910309962719452        61.910309962719452        61.910309962719452        61.910309962719452        61.910309962719452        61.910309962719452        61.910309962719452        61.910309962719452        61.910309962719452        61.910309962719452        61.910309962719452        61.910309962719452        61.910309962719452        61.910309962719452        61.910309962719452        61.910309962719452        61.910309962719452        61.910309962719452        61.910309962719452        61.910309962719452        61.910309962719452        61.910309962719452        61.910309962719452        61.910309962719452        61.910309962719452        61.910309962719452        61.910309962719452        61.910309962719452        61.910309962719452        61.910309962719452        61.910309962719452        61.910309962719452        61.910309962719452        61.910309962719452        61.910309962719452        61.910309962719452        61.910309962719452        61.910309962719452        61.910309962719452        61.910309962719452        61.910309962719452        61.910309962719452        61.910309962719452        61.910309962719452        61.910309962719452        61.910309962719452        61.910309962719452        61.910309962719452        61.910309962719452        61.910309962719452        61.910309962719452        61.910309962719452        61.910309962719452        61.910309962719452        61.910309962719452        61.910309962719452        61.910309962719452        61.910309962719452     
 momentum_flux_v:
   61.910309962719452        61.910309962719452        61.910309962719452        61.910309962719452        61.910309962719452        61.910309962719452        61.910309962719452        61.910309962719452        61.910309962719452        61.910309962719452        61.910309962719452        61.910309962719452        61.910309962719452        61.910309962719452        61.910309962719452        61.910309962719452        61.910309962719452        61.910309962719452        61.910309962719452        61.910309962719452        61.910309962719452        61.910309962719452        61.910309962719452        61.910309962719452        61.910309962719452        61.910309962719452        61.910309962719452        61.910309962719452        61.910309962719452        61.910309962719452        61.910309962719452        61.910309962719452        61.910309962719452        61.910309962719452        61.910309962719452        61.910309962719452        61.910309962719452        61.910309962719452        61.910309962719452        61.910309962719452        61.910309962719452        61.910309962719452        61.910309962719452        61.910309962719452        61.910309962719452        61.910309962719452        61.910309962719452        61.910309962719452        61.910309962719452        61.910309962719452        61.910309962719452        61.910309962719452        61.910309962719452        61.910309962719452        61.910309962719452        61.910309962719452        61.910309962719452        61.910309962719452        61.910309962719452        61.910309962719452        61.910309962719452        61.910309962719452        61.910309962719452        61.910309962719452        61.910309962719452        61.910309962719452        61.910309962719452        61.910309962719452        61.910309962719452        61.910309962719452        61.910309962719452        61.910309962719452        61.910309962719452        61.910309962719452        61.910309962719452        61.910309962719452        61.910309962719452        61.910309962719452        61.910309962719452        61.910309962719452        61.910309962719452        61.910309962719452        61.910309962719452        61.910309962719452        61.910309962719452        61.910309962719452        61.910309962719452        61.910309962719452        61.910309962719452        61.910309962719452        61.910309962719452        61.910309962719452        61.910309962719452        61.910309962719452        61.910309962719452        61.910309962719452        61.910309962719452        61.910309962719452        61.910309962719452        61.910309962719452        61.910309962719452        61.910309962719452        61.910309962719452        61.910309962719452        61.910309962719452        61.910309962719452        61.910309962719452        61.910309962719452        61.910309962719452        61.910309962719452        61.910309962719452        61.910309962719452        61.910309962719452        61.910309962719452        61.910309962719452        61.910309962719452        61.910309962719452        61.910309962719452        61.910309962719452        61.910309962719452        61.910309962719452        61.910309962719452        61.910309962719452        61.910309962719452        61.910309962719452        61.910309962719452        61.910309962719452        61.910309962719452        61.910309962719452        61.910309962719452        61.910309962719452        61.910309962719452        61.910309962719452        61.910309962719452        61.910309962719452        61.910309962719452        61.910309962719452        61.910309962719452        61.910309962719452        61.910309962719452        61.910309962719452        61.910309962719452        61.910309962719452        61.910309962719452        61.910309962719452        61.910309962719452        61.910309962719452        61.910309962719452        61.910309962719452        61.910309962719452        61.910309962719452        61.910309962719452        61.910309962719452        61.910309962719452        61.910309962719452        61.910309962719452        61.910309962719452        61.910309962719452        61.910309962719452        61.910309962719452        61.910309962719452        61.910309962719452        61.910309962719452        61.910309962719452        61.910309962719452        61.910309962719452        61.910309962719452        61.910309962719452        61.910309962719452        61.910309962719452        61.910309962719452        61.910309962719452        61.910309962719452        61.910309962719452        61.910309962719452        61.910309962719452        61.910309962719452        61.910309962719452        61.910309962719452        61.910309962719452        61.910309962719452        61.910309962719452        61.910309962719452        61.910309962719452        61.910309962719452        61.910309962719452        61.910309962719452        61.910309962719452        61.910309962719452        61.910309962719452        61.910309962719452        61.910309962719452        61.910309962719452        61.910309962719452        61.910309962719452        61.910309962719452        61.910309962719452        61.910309962719452        61.910309962719452        61.910309962719452        61.910309962719452        61.910309962719452        61.910309962719452        61.910309962719452        61.910309962719452        61.910309962719452        61.910309962719452        61.910309962719452        61.910309962719452        61.910309962719452        61.910309962719452        61.910309962719452        61.910309962719452        61.910309962719452        61.910309962719452        61.910309962719452        61.910309962719452        61.910309962719452        61.910309962719452        61.910309962719452        61.910309962719452        61.910309962719452        61.910309962719452        61.910309962719452        61.910309962719452        61.910309962719452        61.910309962719452        61.910309962719452        61.910309962719452        61.910309962719452        61.910309962719452        61.910309962719452        61.910309962719452        61.910309962719452        61.910309962719452        61.910309962719452        61.910309962719452        61.910309962719452        61.910309962719452        61.910309962719452        61.910309962719452        61.910309962719452        61.910309962719452        61.910309962719452        61.910309962719452        61.910309962719452        61.910309962719452        61.910309962719452        61.910309962719452        61.910309962719452        61.910309962719452        61.910309962719452        61.910309962719452        61.910309962719452        61.910309962719452        61.910309962719452        61.910309962719452        61.910309962719452        61.910309962719452        61.910309962719452        61.910309962719452        61.910309962719452        61.910309962719452        61.910309962719452        61.910309962719452        61.910309962719452        61.910309962719452        61.910309962719452        61.910309962719452        61.910309962719452        61.910309962719452        61.910309962719452        61.910309962719452        61.910309962719452        61.910309962719452        61.910309962719452        61.910309962719452        61.910309962719452        61.910309962719452        61.910309962719452        61.910309962719452        61.910309962719452        61.910309962719452        61.910309962719452        61.910309962719452        61.910309962719452        61.910309962719452        61.910309962719452        61.910309962719452        61.910309962719452        61.910309962719452        61.910309962719452        61.910309962719452        61.910309962719452        61.910309962719452        61.910309962719452        61.910309962719452        61.910309962719452        61.910309962719452        61.910309962719452        61.910309962719452        61.910309962719452        61.910309962719452        61.910309962719452        61.910309962719452        61.910309962719452        61.910309962719452        61.910309962719452        61.910309962719452        61.910309962719452        61.910309962719452        61.910309962719452        61.910309962719452        61.910309962719452        61.910309962719452        61.910309962719452        61.910309962719452        61.910309962719452        61.910309962719452        61.910309962719452        61.910309962719452        61.910309962719452        61.910309962719452        61.910309962719452        61.910309962719452        61.910309962719452        61.910309962719452        61.910309962719452        61.910309962719452        61.910309962719452        61.910309962719452        61.910309962719452        61.910309962719452        61.910309962719452        61.910309962719452        61.910309962719452        61.910309962719452        61.910309962719452        61.910309962719452        61.910309962719452        61.910309962719452        61.910309962719452        61.910309962719452        61.910309962719452        61.910309962719452        61.910309962719452        61.910309962719452        61.910309962719452        61.910309962719452        61.910309962719452        61.910309962719452        61.910309962719452        61.910309962719452        61.910309962719452        61.910309962719452        61.910309962719452        61.910309962719452        61.910309962719452        61.910309962719452        61.910309962719452        61.910309962719452        61.910309962719452        61.910309962719452        61.910309962719452        61.910309962719452        61.910309962719452        61.910309962719452        61.910309962719452        61.910309962719452        61.910309962719452        61.910309962719452        61.910309962719452        61.910309962719452        61.910309962719452        61.910309962719452        61.910309962719452        61.910309962719452        61.910309962719452        61.910309962719452        61.910309962719452        61.910309962719452        61.910309962719452        61.910309962719452        61.910309962719452        61.910309962719452        61.910309962719452        61.910309962719452        61.910309962719452        61.910309962719452        61.910309962719452        61.910309962719452        61.910309962719452        61.910309962719452        61.910309962719452        61.910309962719452        61.910309962719452        61.910309962719452        61.910309962719452        61.910309962719452        61.910309962719452        61.910309962719452        61.910309962719452        61.910309962719452        61.910309962719452        61.910309962719452        61.910309962719452        61.910309962719452        61.910309962719452        61.910309962719452        61.910309962719452        61.910309962719452        61.910309962719452        61.910309962719452        61.910309962719452        61.910309962719452        61.910309962719452        61.910309962719452        61.910309962719452        61.910309962719452        61.910309962719452        61.910309962719452        61.910309962719452        61.910309962719452        61.910309962719452        61.910309962719452        61.910309962719452        61.910309962719452        61.910309962719452        61.910309962719452        61.910309962719452        61.910309962719452        61.910309962719452        61.910309962719452        61.910309962719452        61.910309962719452        61.910309962719452        61.910309962719452        61.910309962719452        61.910309962719452        61.910309962719452        61.910309962719452        61.910309962719452        61.910309962719452        61.910309962719452        61.910309962719452        61.910309962719452        61.910309962719452        61.910309962719452        61.910309962719452        61.910309962719452        61.910309962719452        61.910309962719452        61.910309962719452        61.910309962719452        61.910309962719452        61.910309962719452        61.910309962719452        61.910309962719452        61.910309962719452        61.910309962719452        61.910309962719452        61.910309962719452        61.910309962719452        61.910309962719452        61.910309962719452        61.910309962719452        61.910309962719452        61.910309962719452        61.910309962719452        61.910309962719452        61.910309962719452        61.910309962719452        61.910309962719452        61.910309962719452        61.910309962719452        61.910309962719452        61.910309962719452        61.910309962719452        61.910309962719452        61.910309962719452        61.910309962719452        61.910309962719452        61.910309962719452        61.910309962719452        61.910309962719452        61.910309962719452        61.910309962719452        61.910309962719452        61.910309962719452        61.910309962719452        61.910309962719452        61.910309962719452        61.910309962719452        61.910309962719452        61.910309962719452        61.910309962719452        61.910309962719452        61.910309962719452        61.910309962719452        61.910309962719452        61.910309962719452        61.910309962719452        61.910309962719452        61.910309962719452        61.910309962719452        61.910309962719452        61.910309962719452        61.910309962719452        61.910309962719452        61.910309962719452        61.910309962719452        61.910309962719452        61.910309962719452        61.910309962719452        61.910309962719452        61.910309962719452        61.910309962719452        61.910309962719452        61.910309962719452        61.910309962719452        61.910309962719452        61.910309962719452        61.910309962719452        61.910309962719452        61.910309962719452        61.910309962719452        61.910309962719452        61.910309962719452        61.910309962719452        61.910309962719452        61.910309962719452        61.910309962719452        61.910309962719452        61.910309962719452        61.910309962719452        61.910309962719452        61.910309962719452        61.910309962719452        61.910309962719452        61.910309962719452        61.910309962719452        61.910309962719452        61.910309962719452        61.910309962719452        61.910309962719452        61.910309962719452        61.910309962719452        61.910309962719452        61.910309962719452        61.910309962719452        61.910309962719452        61.910309962719452        61.910309962719452        61.910309962719452        61.910309962719452        61.910309962719452        61.910309962719452        61.910309962719452        61.910309962719452        61.910309962719452        61.910309962719452        61.910309962719452        61.910309962719452        61.910309962719452        61.910309962719452        61.910309962719452        61.910309962719452        61.910309962719452        61.910309962719452        61.910309962719452        61.910309962719452        61.910309962719452        61.910309962719452        61.910309962719452        61.910309962719452        61.910309962719452        61.910309962719452        61.910309962719452        61.910309962719452        61.910309962719452        61.910309962719452        61.910309962719452        61.910309962719452        61.910309962719452        61.910309962719452        61.910309962719452        61.910309962719452        61.910309962719452        61.910309962719452        61.910309962719452        61.910309962719452        61.910309962719452        61.910309962719452        61.910309962719452        61.910309962719452        61.910309962719452        61.910309962719452        61.910309962719452        61.910309962719452        61.910309962719452        61.910309962719452        61.910309962719452        61.910309962719452        61.910309962719452        61.910309962719452        61.910309962719452        61.910309962719452        61.910309962719452        61.910309962719452        61.910309962719452        61.910309962719452        61.910309962719452        61.910309962719452        61.910309962719452        61.910309962719452        61.910309962719452        61.910309962719452        61.910309962719452        61.910309962719452        61.910309962719452        61.910309962719452        61.910309962719452        61.910309962719452        61.910309962719452        61.910309962719452        61.910309962719452        61.910309962719452        61.910309962719452        61.910309962719452        61.910309962719452        61.910309962719452        61.910309962719452        61.910309962719452        61.910309962719452        61.910309962719452        61.910309962719452        61.910309962719452        61.910309962719452        61.910309962719452        61.910309962719452        61.910309962719452        61.910309962719452        61.910309962719452        61.910309962719452        61.910309962719452        61.910309962719452        61.910309962719452        61.910309962719452        61.910309962719452        61.910309962719452        61.910309962719452        61.910309962719452        61.910309962719452        61.910309962719452        61.910309962719452        61.910309962719452        61.910309962719452        61.910309962719452        61.910309962719452        61.910309962719452        61.910309962719452        61.910309962719452        61.910309962719452        61.910309962719452        61.910309962719452        61.910309962719452        61.910309962719452        61.910309962719452        61.910309962719452        61.910309962719452        61.910309962719452        61.910309962719452        61.910309962719452        61.910309962719452        61.910309962719452        61.910309962719452        61.910309962719452        61.910309962719452        61.910309962719452        61.910309962719452        61.910309962719452        61.910309962719452        61.910309962719452        61.910309962719452        61.910309962719452        61.910309962719452        61.910309962719452        61.910309962719452        61.910309962719452        61.910309962719452        61.910309962719452        61.910309962719452        61.910309962719452        61.910309962719452        61.910309962719452        61.910309962719452        61.910309962719452        61.910309962719452        61.910309962719452        61.910309962719452        61.910309962719452        61.910309962719452        61.910309962719452        61.910309962719452        61.910309962719452        61.910309962719452        61.910309962719452        61.910309962719452        61.910309962719452        61.910309962719452        61.910309962719452        61.910309962719452        61.910309962719452        61.910309962719452        61.910309962719452        61.910309962719452        61.910309962719452        61.910309962719452        61.910309962719452        61.910309962719452        61.910309962719452        61.910309962719452        61.910309962719452        61.910309962719452        61.910309962719452        61.910309962719452        61.910309962719452        61.910309962719452        61.910309962719452        61.910309962719452        61.910309962719452        61.910309962719452        61.910309962719452        61.910309962719452        61.910309962719452        61.910309962719452        61.910309962719452        61.910309962719452        61.910309962719452        61.910309962719452        61.910309962719452        61.910309962719452        61.910309962719452        61.910309962719452        61.910309962719452        61.910309962719452        61.910309962719452        61.910309962719452        61.910309962719452        61.910309962719452        61.910309962719452        61.910309962719452        61.910309962719452        61.910309962719452        61.910309962719452        61.910309962719452        61.910309962719452        61.910309962719452        61.910309962719452        61.910309962719452        61.910309962719452        61.910309962719452        61.910309962719452        61.910309962719452        61.910309962719452        61.910309962719452        61.910309962719452        61.910309962719452        61.910309962719452        61.910309962719452        61.910309962719452        61.910309962719452        61.910309962719452        61.910309962719452        61.910309962719452        61.910309962719452        61.910309962719452        61.910309962719452        61.910309962719452        61.910309962719452        61.910309962719452        61.910309962719452        61.910309962719452        61.910309962719452        61.910309962719452        61.910309962719452        61.910309962719452        61.910309962719452        61.910309962719452        61.910309962719452        61.910309962719452        61.910309962719452        61.910309962719452        61.910309962719452        61.910309962719452        61.910309962719452        61.910309962719452        61.910309962719452        61.910309962719452        61.910309962719452        61.910309962719452        61.910309962719452        61.910309962719452        61.910309962719452        61.910309962719452        61.910309962719452        61.910309962719452        61.910309962719452        61.910309962719452        61.910309962719452        61.910309962719452        61.910309962719452        61.910309962719452        61.910309962719452        61.910309962719452        61.910309962719452        61.910309962719452        61.910309962719452        61.910309962719452        61.910309962719452        61.910309962719452        61.910309962719452        61.910309962719452        61.910309962719452        61.910309962719452        61.910309962719452        61.910309962719452        61.910309962719452        61.910309962719452        61.910309962719452        61.910309962719452        61.910309962719452        61.910309962719452        61.910309962719452        61.910309962719452        61.910309962719452        61.910309962719452        61.910309962719452        61.910309962719452        61.910309962719452        61.910309962719452        61.910309962719452        61.910309962719452        61.910309962719452        61.910309962719452        61.910309962719452        61.910309962719452        61.910309962719452        61.910309962719452        61.910309962719452        61.910309962719452        61.910309962719452        61.910309962719452        61.910309962719452        61.910309962719452        61.910309962719452        61.910309962719452        61.910309962719452        61.910309962719452        61.910309962719452        61.910309962719452        61.910309962719452        61.910309962719452        61.910309962719452        61.910309962719452        61.910309962719452        61.910309962719452        61.910309962719452        61.910309962719452        61.910309962719452        61.910309962719452        61.910309962719452        61.910309962719452        61.910309962719452        61.910309962719452        61.910309962719452        61.910309962719452        61.910309962719452        61.910309962719452        61.910309962719452        61.910309962719452        61.910309962719452        61.910309962719452        61.910309962719452        61.910309962719452        61.910309962719452        61.910309962719452        61.910309962719452        61.910309962719452        61.910309962719452        61.910309962719452        61.910309962719452        61.910309962719452        61.910309962719452        61.910309962719452        61.910309962719452        61.910309962719452        61.910309962719452        61.910309962719452        61.910309962719452        61.910309962719452        61.910309962719452        61.910309962719452        61.910309962719452        61.910309962719452        61.910309962719452        61.910309962719452        61.910309962719452        61.910309962719452        61.910309962719452        61.910309962719452        61.910309962719452        61.910309962719452        61.910309962719452        61.910309962719452        61.910309962719452        61.910309962719452        61.910309962719452        61.910309962719452        61.910309962719452        61.910309962719452        61.910309962719452        61.910309962719452        61.910309962719452        61.910309962719452        61.910309962719452        61.910309962719452        61.910309962719452        61.910309962719452        61.910309962719452        61.910309962719452        61.910309962719452        61.910309962719452        61.910309962719452        61.910309962719452        61.910309962719452        61.910309962719452        61.910309962719452        61.910309962719452        61.910309962719452        61.910309962719452        61.910309962719452        61.910309962719452        61.910309962719452        61.910309962719452        61.910309962719452        61.910309962719452        61.910309962719452        61.910309962719452        61.910309962719452        61.910309962719452        61.910309962719452        61.910309962719452        61.910309962719452        61.910309962719452        61.910309962719452        61.910309962719452        61.910309962719452        61.910309962719452        61.910309962719452        61.910309962719452        61.910309962719452        61.910309962719452        61.910309962719452        61.910309962719452        61.910309962719452        61.910309962719452        61.910309962719452        61.910309962719452        61.910309962719452        61.910309962719452        61.910309962719452        61.910309962719452        61.910309962719452        61.910309962719452        61.910309962719452        61.910309962719452        61.910309962719452        61.910309962719452        61.910309962719452        61.910309962719452        61.910309962719452        61.910309962719452        61.910309962719452        61.910309962719452        61.910309962719452        61.910309962719452        61.910309962719452        61.910309962719452        61.910309962719452        61.910309962719452        61.910309962719452        61.910309962719452        61.910309962719452        61.910309962719452        61.910309962719452        61.910309962719452        61.910309962719452        61.910309962719452        61.910309962719452     
 heat_flux:
   144541.84800000000        144541.84800000000        144541.84800000000        144541.84800000000        144541.84800000000        144541.84800000000        144541.84800000000        144541.84800000000        144541.84800000000        144541.84800000000        144541.84800000000        144541.84800000000        144541.84800000000        144541.84800000000        144541.84800000000        144541.84800000000        144541.84800000000        144541.84800000000        144541.84800000000        144541.84800000000        144541.84800000000        144541.84800000000        144541.84800000000        144541.84800000000        144541.84800000000        144541.84800000000        144541.84800000000        144541.84800000000        144541.84800000000        144541.84800000000        144541.84800000000        144541.84800000000        144541.84800000000        144541.84800000000        144541.84800000000        144541.84800000000        144541.84800000000        144541.84800000000        144541.84800000000        144541.84800000000        144541.84800000000        144541.84800000000        144541.84800000000        144541.84800000000        144541.84800000000        144541.84800000000        144541.84800000000        144541.84800000000        144541.84800000000        144541.84800000000        144541.84800000000        144541.84800000000        144541.84800000000        144541.84800000000        144541.84800000000        144541.84800000000        144541.84800000000        144541.84800000000        144541.84800000000        144541.84800000000        144541.84800000000        144541.84800000000        144541.84800000000        144541.84800000000        144541.84800000000        144541.84800000000        144541.84800000000        144541.84800000000        144541.84800000000        144541.84800000000        144541.84800000000        144541.84800000000        144541.84800000000        144541.84800000000        144541.84800000000        144541.84800000000        144541.84800000000        144541.84800000000        144541.84800000000        144541.84800000000        144541.84800000000        144541.84800000000        144541.84800000000        144541.84800000000        144541.84800000000        144541.84800000000        144541.84800000000        144541.84800000000        144541.84800000000        144541.84800000000        144541.84800000000        144541.84800000000        144541.84800000000        144541.84800000000        144541.84800000000        144541.84800000000        144541.84800000000        144541.84800000000        144541.84800000000        144541.84800000000        144541.84800000000        144541.84800000000        144541.84800000000        144541.84800000000        144541.84800000000        144541.84800000000        144541.84800000000        144541.84800000000        144541.84800000000        144541.84800000000        144541.84800000000        144541.84800000000        144541.84800000000        144541.84800000000        144541.84800000000        144541.84800000000        144541.84800000000        144541.84800000000        144541.84800000000        144541.84800000000        144541.84800000000        144541.84800000000        144541.84800000000        144541.84800000000        144541.84800000000        144541.84800000000        144541.84800000000        144541.84800000000        144541.84800000000        144541.84800000000        144541.84800000000        144541.84800000000        144541.84800000000        144541.84800000000        144541.84800000000        144541.84800000000        144541.84800000000        144541.84800000000        144541.84800000000        144541.84800000000        144541.84800000000        144541.84800000000        144541.84800000000        144541.84800000000        144541.84800000000        144541.84800000000        144541.84800000000        144541.84800000000        144541.84800000000        144541.84800000000        144541.84800000000        144541.84800000000        144541.84800000000        144541.84800000000        144541.84800000000        144541.84800000000        144541.84800000000        144541.84800000000        144541.84800000000        144541.84800000000        144541.84800000000        144541.84800000000        144541.84800000000        144541.84800000000        144541.84800000000        144541.84800000000        144541.84800000000        144541.84800000000        144541.84800000000        144541.84800000000        144541.84800000000        144541.84800000000        144541.84800000000        144541.84800000000        144541.84800000000        144541.84800000000        144541.84800000000        144541.84800000000        144541.84800000000        144541.84800000000        144541.84800000000        144541.84800000000        144541.84800000000        144541.84800000000        144541.84800000000        144541.84800000000        144541.84800000000        144541.84800000000        144541.84800000000        144541.84800000000        144541.84800000000        144541.84800000000        144541.84800000000        144541.84800000000        144541.84800000000        144541.84800000000        144541.84800000000        144541.84800000000        144541.84800000000        144541.84800000000        144541.84800000000        144541.84800000000        144541.84800000000        144541.84800000000        144541.84800000000        144541.84800000000        144541.84800000000        144541.84800000000        144541.84800000000        144541.84800000000        144541.84800000000        144541.84800000000        144541.84800000000        144541.84800000000        144541.84800000000        144541.84800000000        144541.84800000000        144541.84800000000        144541.84800000000        144541.84800000000        144541.84800000000        144541.84800000000        144541.84800000000        144541.84800000000        144541.84800000000        144541.84800000000        144541.84800000000        144541.84800000000        144541.84800000000        144541.84800000000        144541.84800000000        144541.84800000000        144541.84800000000        144541.84800000000        144541.84800000000        144541.84800000000        144541.84800000000        144541.84800000000        144541.84800000000        144541.84800000000        144541.84800000000        144541.84800000000        144541.84800000000        144541.84800000000        144541.84800000000        144541.84800000000        144541.84800000000        144541.84800000000        144541.84800000000        144541.84800000000        144541.84800000000        144541.84800000000        144541.84800000000        144541.84800000000        144541.84800000000        144541.84800000000        144541.84800000000        144541.84800000000        144541.84800000000        144541.84800000000        144541.84800000000        144541.84800000000        144541.84800000000        144541.84800000000        144541.84800000000        144541.84800000000        144541.84800000000        144541.84800000000        144541.84800000000        144541.84800000000        144541.84800000000        144541.84800000000        144541.84800000000        144541.84800000000        144541.84800000000        144541.84800000000        144541.84800000000        144541.84800000000        144541.84800000000        144541.84800000000        144541.84800000000        144541.84800000000        144541.84800000000        144541.84800000000        144541.84800000000        144541.84800000000        144541.84800000000        144541.84800000000        144541.84800000000        144541.84800000000        144541.84800000000        144541.84800000000        144541.84800000000        144541.84800000000        144541.84800000000        144541.84800000000        144541.84800000000        144541.84800000000        144541.84800000000        144541.84800000000        144541.84800000000        144541.84800000000        144541.84800000000        144541.84800000000        144541.84800000000        144541.84800000000        144541.84800000000        144541.84800000000        144541.84800000000        144541.84800000000        144541.84800000000        144541.84800000000        144541.84800000000        144541.84800000000        144541.84800000000        144541.84800000000        144541.84800000000        144541.84800000000        144541.84800000000        144541.84800000000        144541.84800000000        144541.84800000000        144541.84800000000        144541.84800000000        144541.84800000000        144541.84800000000        144541.84800000000        144541.84800000000        144541.84800000000        144541.84800000000        144541.84800000000        144541.84800000000        144541.84800000000        144541.84800000000        144541.84800000000        144541.84800000000        144541.84800000000        144541.84800000000        144541.84800000000        144541.84800000000        144541.84800000000        144541.84800000000        144541.84800000000        144541.84800000000        144541.84800000000        144541.84800000000        144541.84800000000        144541.84800000000        144541.84800000000        144541.84800000000        144541.84800000000        144541.84800000000        144541.84800000000        144541.84800000000        144541.84800000000        144541.84800000000        144541.84800000000        144541.84800000000        144541.84800000000        144541.84800000000        144541.84800000000        144541.84800000000        144541.84800000000        144541.84800000000        144541.84800000000        144541.84800000000        144541.84800000000        144541.84800000000        144541.84800000000        144541.84800000000        144541.84800000000        144541.84800000000        144541.84800000000        144541.84800000000        144541.84800000000        144541.84800000000        144541.84800000000        144541.84800000000        144541.84800000000        144541.84800000000        144541.84800000000        144541.84800000000        144541.84800000000        144541.84800000000        144541.84800000000        144541.84800000000        144541.84800000000        144541.84800000000        144541.84800000000        144541.84800000000        144541.84800000000        144541.84800000000        144541.84800000000        144541.84800000000        144541.84800000000        144541.84800000000        144541.84800000000        144541.84800000000        144541.84800000000        144541.84800000000        144541.84800000000        144541.84800000000        144541.84800000000        144541.84800000000        144541.84800000000        144541.84800000000        144541.84800000000        144541.84800000000        144541.84800000000        144541.84800000000        144541.84800000000        144541.84800000000        144541.84800000000        144541.84800000000        144541.84800000000        144541.84800000000        144541.84800000000        144541.84800000000        144541.84800000000        144541.84800000000        144541.84800000000        144541.84800000000        144541.84800000000        144541.84800000000        144541.84800000000        144541.84800000000        144541.84800000000        144541.84800000000        144541.84800000000        144541.84800000000        144541.84800000000        144541.84800000000        144541.84800000000        144541.84800000000        144541.84800000000        144541.84800000000        144541.84800000000        144541.84800000000        144541.84800000000        144541.84800000000        144541.84800000000        144541.84800000000        144541.84800000000        144541.84800000000        144541.84800000000        144541.84800000000        144541.84800000000        144541.84800000000        144541.84800000000        144541.84800000000        144541.84800000000        144541.84800000000        144541.84800000000        144541.84800000000        144541.84800000000        144541.84800000000        144541.84800000000        144541.84800000000        144541.84800000000        144541.84800000000        144541.84800000000        144541.84800000000        144541.84800000000        144541.84800000000        144541.84800000000        144541.84800000000        144541.84800000000        144541.84800000000        144541.84800000000        144541.84800000000        144541.84800000000        144541.84800000000        144541.84800000000        144541.84800000000        144541.84800000000        144541.84800000000        144541.84800000000        144541.84800000000        144541.84800000000        144541.84800000000        144541.84800000000        144541.84800000000        144541.84800000000        144541.84800000000        144541.84800000000        144541.84800000000        144541.84800000000        144541.84800000000        144541.84800000000        144541.84800000000        144541.84800000000        144541.84800000000        144541.84800000000        144541.84800000000        144541.84800000000        144541.84800000000        144541.84800000000        144541.84800000000        144541.84800000000        144541.84800000000        144541.84800000000        144541.84800000000        144541.84800000000        144541.84800000000        144541.84800000000        144541.84800000000        144541.84800000000        144541.84800000000        144541.84800000000        144541.84800000000        144541.84800000000        144541.84800000000        144541.84800000000        144541.84800000000        144541.84800000000        144541.84800000000        144541.84800000000        144541.84800000000        144541.84800000000        144541.84800000000        144541.84800000000        144541.84800000000        144541.84800000000        144541.84800000000        144541.84800000000        144541.84800000000        144541.84800000000        144541.84800000000        144541.84800000000        144541.84800000000        144541.84800000000        144541.84800000000        144541.84800000000        144541.84800000000        144541.84800000000        144541.84800000000        144541.84800000000        144541.84800000000        144541.84800000000        144541.84800000000        144541.84800000000        144541.84800000000        144541.84800000000        144541.84800000000        144541.84800000000        144541.84800000000        144541.84800000000        144541.84800000000        144541.84800000000        144541.84800000000        144541.84800000000        144541.84800000000        144541.84800000000        144541.84800000000        144541.84800000000        144541.84800000000        144541.84800000000        144541.84800000000        144541.84800000000        144541.84800000000        144541.84800000000        144541.84800000000        144541.84800000000        144541.84800000000        144541.84800000000        144541.84800000000        144541.84800000000        144541.84800000000        144541.84800000000        144541.84800000000        144541.84800000000        144541.84800000000        144541.84800000000        144541.84800000000        144541.84800000000        144541.84800000000        144541.84800000000        144541.84800000000        144541.84800000000        144541.84800000000        144541.84800000000        144541.84800000000        144541.84800000000        144541.84800000000        144541.84800000000        144541.84800000000        144541.84800000000        144541.84800000000        144541.84800000000        144541.84800000000        144541.84800000000        144541.84800000000        144541.84800000000        144541.84800000000        144541.84800000000        144541.84800000000        144541.84800000000        144541.84800000000        144541.84800000000        144541.84800000000        144541.84800000000        144541.84800000000        144541.84800000000        144541.84800000000        144541.84800000000        144541.84800000000        144541.84800000000        144541.84800000000        144541.84800000000        144541.84800000000        144541.84800000000        144541.84800000000        144541.84800000000        144541.84800000000        144541.84800000000        144541.84800000000        144541.84800000000        144541.84800000000        144541.84800000000        144541.84800000000        144541.84800000000        144541.84800000000        144541.84800000000        144541.84800000000        144541.84800000000        144541.84800000000        144541.84800000000        144541.84800000000        144541.84800000000        144541.84800000000        144541.84800000000        144541.84800000000        144541.84800000000        144541.84800000000        144541.84800000000        144541.84800000000        144541.84800000000        144541.84800000000        144541.84800000000        144541.84800000000        144541.84800000000        144541.84800000000        144541.84800000000        144541.84800000000        144541.84800000000        144541.84800000000        144541.84800000000        144541.84800000000        144541.84800000000        144541.84800000000        144541.84800000000        144541.84800000000        144541.84800000000        144541.84800000000        144541.84800000000        144541.84800000000        144541.84800000000        144541.84800000000        144541.84800000000        144541.84800000000        144541.84800000000        144541.84800000000        144541.84800000000        144541.84800000000        144541.84800000000        144541.84800000000        144541.84800000000        144541.84800000000        144541.84800000000        144541.84800000000        144541.84800000000        144541.84800000000        144541.84800000000        144541.84800000000        144541.84800000000        144541.84800000000        144541.84800000000        144541.84800000000        144541.84800000000        144541.84800000000        144541.84800000000        144541.84800000000        144541.84800000000        144541.84800000000        144541.84800000000        144541.84800000000        144541.84800000000        144541.84800000000        144541.84800000000        144541.84800000000        144541.84800000000        144541.84800000000        144541.84800000000        144541.84800000000        144541.84800000000        144541.84800000000        144541.84800000000        144541.84800000000        144541.84800000000        144541.84800000000        144541.84800000000        144541.84800000000        144541.84800000000        144541.84800000000        144541.84800000000        144541.84800000000        144541.84800000000        144541.84800000000        144541.84800000000        144541.84800000000        144541.84800000000        144541.84800000000        144541.84800000000        144541.84800000000        144541.84800000000        144541.84800000000        144541.84800000000        144541.84800000000        144541.84800000000        144541.84800000000        144541.84800000000        144541.84800000000        144541.84800000000        144541.84800000000        144541.84800000000        144541.84800000000        144541.84800000000        144541.84800000000        144541.84800000000        144541.84800000000        144541.84800000000        144541.84800000000        144541.84800000000        144541.84800000000        144541.84800000000        144541.84800000000        144541.84800000000        144541.84800000000        144541.84800000000        144541.84800000000        144541.84800000000        144541.84800000000        144541.84800000000        144541.84800000000        144541.84800000000        144541.84800000000        144541.84800000000        144541.84800000000        144541.84800000000        144541.84800000000        144541.84800000000        144541.84800000000        144541.84800000000        144541.84800000000        144541.84800000000        144541.84800000000        144541.84800000000        144541.84800000000        144541.84800000000        144541.84800000000        144541.84800000000        144541.84800000000        144541.84800000000        144541.84800000000        144541.84800000000        144541.84800000000        144541.84800000000        144541.84800000000        144541.84800000000        144541.84800000000        144541.84800000000        144541.84800000000        144541.84800000000        144541.84800000000        144541.84800000000        144541.84800000000        144541.84800000000        144541.84800000000        144541.84800000000        144541.84800000000        144541.84800000000        144541.84800000000        144541.84800000000        144541.84800000000        144541.84800000000        144541.84800000000        144541.84800000000        144541.84800000000        144541.84800000000        144541.84800000000        144541.84800000000        144541.84800000000        144541.84800000000        144541.84800000000        144541.84800000000        144541.84800000000        144541.84800000000        144541.84800000000        144541.84800000000        144541.84800000000        144541.84800000000        144541.84800000000        144541.84800000000        144541.84800000000        144541.84800000000        144541.84800000000        144541.84800000000        144541.84800000000        144541.84800000000        144541.84800000000        144541.84800000000        144541.84800000000        144541.84800000000        144541.84800000000        144541.84800000000        144541.84800000000        144541.84800000000        144541.84800000000        144541.84800000000        144541.84800000000        144541.84800000000        144541.84800000000        144541.84800000000        144541.84800000000        144541.84800000000        144541.84800000000        144541.84800000000        144541.84800000000        144541.84800000000        144541.84800000000        144541.84800000000        144541.84800000000        144541.84800000000        144541.84800000000        144541.84800000000        144541.84800000000        144541.84800000000        144541.84800000000        144541.84800000000        144541.84800000000        144541.84800000000        144541.84800000000        144541.84800000000        144541.84800000000        144541.84800000000        144541.84800000000        144541.84800000000        144541.84800000000        144541.84800000000        144541.84800000000        144541.84800000000        144541.84800000000        144541.84800000000        144541.84800000000        144541.84800000000        144541.84800000000        144541.84800000000        144541.84800000000        144541.84800000000        144541.84800000000        144541.84800000000        144541.84800000000        144541.84800000000        144541.84800000000        144541.84800000000        144541.84800000000        144541.84800000000        144541.84800000000        144541.84800000000        144541.84800000000        144541.84800000000        144541.84800000000        144541.84800000000        144541.84800000000        144541.84800000000        144541.84800000000        144541.84800000000        144541.84800000000        144541.84800000000        144541.84800000000        144541.84800000000        144541.84800000000        144541.84800000000        144541.84800000000        144541.84800000000        144541.84800000000        144541.84800000000        144541.84800000000        144541.84800000000        144541.84800000000        144541.84800000000        144541.84800000000        144541.84800000000        144541.84800000000        144541.84800000000        144541.84800000000        144541.84800000000        144541.84800000000        144541.84800000000        144541.84800000000        144541.84800000000        144541.84800000000        144541.84800000000        144541.84800000000        144541.84800000000        144541.84800000000        144541.84800000000        144541.84800000000        144541.84800000000        144541.84800000000        144541.84800000000        144541.84800000000        144541.84800000000        144541.84800000000        144541.84800000000        144541.84800000000        144541.84800000000        144541.84800000000        144541.84800000000        144541.84800000000        144541.84800000000        144541.84800000000        144541.84800000000        144541.84800000000        144541.84800000000        144541.84800000000        144541.84800000000        144541.84800000000        144541.84800000000        144541.84800000000        144541.84800000000        144541.84800000000        144541.84800000000        144541.84800000000        144541.84800000000        144541.84800000000        144541.84800000000        144541.84800000000        144541.84800000000        144541.84800000000        144541.84800000000        144541.84800000000        144541.84800000000        144541.84800000000        144541.84800000000        144541.84800000000        144541.84800000000        144541.84800000000        144541.84800000000        144541.84800000000        144541.84800000000        144541.84800000000        144541.84800000000        144541.84800000000        144541.84800000000        144541.84800000000        144541.84800000000        144541.84800000000        144541.84800000000        144541.84800000000        144541.84800000000        144541.84800000000        144541.84800000000        144541.84800000000        144541.84800000000        144541.84800000000        144541.84800000000        144541.84800000000        144541.84800000000        144541.84800000000        144541.84800000000        144541.84800000000        144541.84800000000        144541.84800000000        144541.84800000000        144541.84800000000        144541.84800000000        144541.84800000000        144541.84800000000        144541.84800000000        144541.84800000000        144541.84800000000        144541.84800000000        144541.84800000000        144541.84800000000        144541.84800000000        144541.84800000000        144541.84800000000        144541.84800000000        144541.84800000000        144541.84800000000        144541.84800000000        144541.84800000000        144541.84800000000        144541.84800000000        144541.84800000000        144541.84800000000        144541.84800000000        144541.84800000000        144541.84800000000     
 solar_flux:
   951.99999999999989        951.99999999999989        951.99999999999989        951.99999999999989        951.99999999999989        951.99999999999989        951.99999999999989        951.99999999999989        951.99999999999989        951.99999999999989        951.99999999999989        951.99999999999989        951.99999999999989        951.99999999999989        951.99999999999989        951.99999999999989        951.99999999999989        951.99999999999989        951.99999999999989        951.99999999999989        951.99999999999989        951.99999999999989        951.99999999999989        951.99999999999989        951.99999999999989        951.99999999999989        951.99999999999989        951.99999999999989        951.99999999999989        951.99999999999989        951.99999999999989        951.99999999999989        951.99999999999989        951.99999999999989        951.99999999999989        951.99999999999989        951.99999999999989        951.99999999999989        951.99999999999989        951.99999999999989        951.99999999999989        951.99999999999989        951.99999999999989        951.99999999999989        951.99999999999989        951.99999999999989        951.99999999999989        951.99999999999989        951.99999999999989        951.99999999999989        951.99999999999989        951.99999999999989        951.99999999999989        951.99999999999989        951.99999999999989        951.99999999999989        951.99999999999989        951.99999999999989        951.99999999999989        951.99999999999989        951.99999999999989        951.99999999999989        951.99999999999989        951.99999999999989        951.99999999999989        951.99999999999989        951.99999999999989        951.99999999999989        951.99999999999989        951.99999999999989        951.99999999999989        951.99999999999989        951.99999999999989        951.99999999999989        951.99999999999989        951.99999999999989        951.99999999999989        951.99999999999989        951.99999999999989        951.99999999999989        951.99999999999989        951.99999999999989        951.99999999999989        951.99999999999989        951.99999999999989        951.99999999999989        951.99999999999989        951.99999999999989        951.99999999999989        951.99999999999989        951.99999999999989        951.99999999999989        951.99999999999989        951.99999999999989        951.99999999999989        951.99999999999989        951.99999999999989        951.99999999999989        951.99999999999989        951.99999999999989        951.99999999999989        951.99999999999989        951.99999999999989        951.99999999999989        951.99999999999989        951.99999999999989        951.99999999999989        951.99999999999989        951.99999999999989        951.99999999999989        951.99999999999989        951.99999999999989        951.99999999999989        951.99999999999989        951.99999999999989        951.99999999999989        951.99999999999989        951.99999999999989        951.99999999999989        951.99999999999989        951.99999999999989        951.99999999999989        951.99999999999989        951.99999999999989        951.99999999999989        951.99999999999989        951.99999999999989        951.99999999999989        951.99999999999989        951.99999999999989        951.99999999999989        951.99999999999989        951.99999999999989        951.99999999999989        951.99999999999989        951.99999999999989        951.99999999999989        951.99999999999989        951.99999999999989        951.99999999999989        951.99999999999989        951.99999999999989        951.99999999999989        951.99999999999989        951.99999999999989        951.99999999999989        951.99999999999989        951.99999999999989        951.99999999999989        951.99999999999989        951.99999999999989        951.99999999999989        951.99999999999989        951.99999999999989        951.99999999999989        951.99999999999989        951.99999999999989        951.99999999999989        951.99999999999989        951.99999999999989        951.99999999999989        951.99999999999989        951.99999999999989        951.99999999999989        951.99999999999989        951.99999999999989        951.99999999999989        951.99999999999989        951.99999999999989        951.99999999999989        951.99999999999989        951.99999999999989        951.99999999999989        951.99999999999989        951.99999999999989        951.99999999999989        951.99999999999989        951.99999999999989        951.99999999999989        951.99999999999989        951.99999999999989        951.99999999999989        951.99999999999989        951.99999999999989        951.99999999999989        951.99999999999989        951.99999999999989        951.99999999999989        951.99999999999989        951.99999999999989        951.99999999999989        951.99999999999989        951.99999999999989        951.99999999999989        951.99999999999989        951.99999999999989        951.99999999999989        951.99999999999989        951.99999999999989        951.99999999999989        951.99999999999989        951.99999999999989        951.99999999999989        951.99999999999989        951.99999999999989        951.99999999999989        951.99999999999989        951.99999999999989        951.99999999999989        951.99999999999989        951.99999999999989        951.99999999999989        951.99999999999989        951.99999999999989        951.99999999999989        951.99999999999989        951.99999999999989        951.99999999999989        951.99999999999989        951.99999999999989        951.99999999999989        951.99999999999989        951.99999999999989        951.99999999999989        951.99999999999989        951.99999999999989        951.99999999999989        951.99999999999989        951.99999999999989        951.99999999999989        951.99999999999989        951.99999999999989        951.99999999999989        951.99999999999989        951.99999999999989        951.99999999999989        951.99999999999989        951.99999999999989        951.99999999999989        951.99999999999989        951.99999999999989        951.99999999999989        951.99999999999989        951.99999999999989        951.99999999999989        951.99999999999989        951.99999999999989        951.99999999999989        951.99999999999989        951.99999999999989        951.99999999999989        951.99999999999989        951.99999999999989        951.99999999999989        951.99999999999989        951.99999999999989        951.99999999999989        951.99999999999989        951.99999999999989        951.99999999999989        951.99999999999989        951.99999999999989        951.99999999999989        951.99999999999989        951.99999999999989        951.99999999999989        951.99999999999989        951.99999999999989        951.99999999999989        951.99999999999989        951.99999999999989        951.99999999999989        951.99999999999989        951.99999999999989        951.99999999999989        951.99999999999989        951.99999999999989        951.99999999999989        951.99999999999989        951.99999999999989        951.99999999999989        951.99999999999989        951.99999999999989        951.99999999999989        951.99999999999989        951.99999999999989        951.99999999999989        951.99999999999989        951.99999999999989        951.99999999999989        951.99999999999989        951.99999999999989        951.99999999999989        951.99999999999989        951.99999999999989        951.99999999999989        951.99999999999989        951.99999999999989        951.99999999999989        951.99999999999989        951.99999999999989        951.99999999999989        951.99999999999989        951.99999999999989        951.99999999999989        951.99999999999989        951.99999999999989        951.99999999999989        951.99999999999989        951.99999999999989        951.99999999999989        951.99999999999989        951.99999999999989        951.99999999999989        951.99999999999989        951.99999999999989        951.99999999999989        951.99999999999989        951.99999999999989        951.99999999999989        951.99999999999989        951.99999999999989        951.99999999999989        951.99999999999989        951.99999999999989        951.99999999999989        951.99999999999989        951.99999999999989        951.99999999999989        951.99999999999989        951.99999999999989        951.99999999999989        951.99999999999989        951.99999999999989        951.99999999999989        951.99999999999989        951.99999999999989        951.99999999999989        951.99999999999989        951.99999999999989        951.99999999999989        951.99999999999989        951.99999999999989        951.99999999999989        951.99999999999989        951.99999999999989        951.99999999999989        951.99999999999989        951.99999999999989        951.99999999999989        951.99999999999989        951.99999999999989        951.99999999999989        951.99999999999989        951.99999999999989        951.99999999999989        951.99999999999989        951.99999999999989        951.99999999999989        951.99999999999989        951.99999999999989        951.99999999999989        951.99999999999989        951.99999999999989        951.99999999999989        951.99999999999989        951.99999999999989        951.99999999999989        951.99999999999989        951.99999999999989        951.99999999999989        951.99999999999989        951.99999999999989        951.99999999999989        951.99999999999989        951.99999999999989        951.99999999999989        951.99999999999989        951.99999999999989        951.99999999999989        951.99999999999989        951.99999999999989        951.99999999999989        951.99999999999989        951.99999999999989        951.99999999999989        951.99999999999989        951.99999999999989        951.99999999999989        951.99999999999989        951.99999999999989        951.99999999999989        951.99999999999989        951.99999999999989        951.99999999999989        951.99999999999989        951.99999999999989        951.99999999999989        951.99999999999989        951.99999999999989        951.99999999999989        951.99999999999989        951.99999999999989        951.99999999999989        951.99999999999989        951.99999999999989        951.99999999999989        951.99999999999989        951.99999999999989        951.99999999999989        951.99999999999989        951.99999999999989        951.99999999999989        951.99999999999989        951.99999999999989        951.99999999999989        951.99999999999989        951.99999999999989        951.99999999999989        951.99999999999989        951.99999999999989        951.99999999999989        951.99999999999989        951.99999999999989        951.99999999999989        951.99999999999989        951.99999999999989        951.99999999999989        951.99999999999989        951.99999999999989        951.99999999999989        951.99999999999989        951.99999999999989        951.99999999999989        951.99999999999989        951.99999999999989        951.99999999999989        951.99999999999989        951.99999999999989        951.99999999999989        951.99999999999989        951.99999999999989        951.99999999999989        951.99999999999989        951.99999999999989        951.99999999999989        951.99999999999989        951.99999999999989        951.99999999999989        951.99999999999989        951.99999999999989        951.99999999999989        951.99999999999989        951.99999999999989        951.99999999999989        951.99999999999989        951.99999999999989        951.99999999999989        951.99999999999989        951.99999999999989        951.99999999999989        951.99999999999989        951.99999999999989        951.99999999999989        951.99999999999989        951.99999999999989        951.99999999999989        951.99999999999989        951.99999999999989        951.99999999999989        951.99999999999989        951.99999999999989        951.99999999999989        951.99999999999989        951.99999999999989        951.99999999999989        951.99999999999989        951.99999999999989        951.99999999999989        951.99999999999989        951.99999999999989        951.99999999999989        951.99999999999989        951.99999999999989        951.99999999999989        951.99999999999989        951.99999999999989        951.99999999999989        951.99999999999989        951.99999999999989        951.99999999999989        951.99999999999989        951.99999999999989        951.99999999999989        951.99999999999989        951.99999999999989        951.99999999999989        951.99999999999989        951.99999999999989        951.99999999999989        951.99999999999989        951.99999999999989        951.99999999999989        951.99999999999989        951.99999999999989        951.99999999999989        951.99999999999989        951.99999999999989        951.99999999999989        951.99999999999989        951.99999999999989        951.99999999999989        951.99999999999989        951.99999999999989        951.99999999999989        951.99999999999989        951.99999999999989        951.99999999999989        951.99999999999989        951.99999999999989        951.99999999999989        951.99999999999989        951.99999999999989        951.99999999999989        951.99999999999989        951.99999999999989        951.99999999999989        951.99999999999989        951.99999999999989        951.99999999999989        951.99999999999989        951.99999999999989        951.99999999999989        951.99999999999989        951.99999999999989        951.99999999999989        951.99999999999989        951.99999999999989        951.99999999999989        951.99999999999989        951.99999999999989        951.99999999999989        951.99999999999989        951.99999999999989        951.99999999999989        951.99999999999989        951.99999999999989        951.99999999999989        951.99999999999989        951.99999999999989        951.99999999999989        951.99999999999989        951.99999999999989        951.99999999999989        951.99999999999989        951.99999999999989        951.99999999999989        951.99999999999989        951.99999999999989        951.99999999999989        951.99999999999989        951.99999999999989        951.99999999999989        951.99999999999989        951.99999999999989        951.99999999999989        951.99999999999989        951.99999999999989        951.99999999999989        951.99999999999989        951.99999999999989        951.99999999999989        951.99999999999989        951.99999999999989        951.99999999999989        951.99999999999989        951.99999999999989        951.99999999999989        951.99999999999989        951.99999999999989        951.99999999999989        951.99999999999989        951.99999999999989        951.99999999999989        951.99999999999989        951.99999999999989        951.99999999999989        951.99999999999989        951.99999999999989        951.99999999999989        951.99999999999989        951.99999999999989        951.99999999999989        951.99999999999989        951.99999999999989        951.99999999999989        951.99999999999989        951.99999999999989        951.99999999999989        951.99999999999989        951.99999999999989        951.99999999999989        951.99999999999989        951.99999999999989        951.99999999999989        951.99999999999989        951.99999999999989        951.99999999999989        951.99999999999989        951.99999999999989        951.99999999999989        951.99999999999989        951.99999999999989        951.99999999999989        951.99999999999989        951.99999999999989        951.99999999999989        951.99999999999989        951.99999999999989        951.99999999999989        951.99999999999989        951.99999999999989        951.99999999999989        951.99999999999989        951.99999999999989        951.99999999999989        951.99999999999989        951.99999999999989        951.99999999999989        951.99999999999989        951.99999999999989        951.99999999999989        951.99999999999989        951.99999999999989        951.99999999999989        951.99999999999989        951.99999999999989        951.99999999999989        951.99999999999989        951.99999999999989        951.99999999999989        951.99999999999989        951.99999999999989        951.99999999999989        951.99999999999989        951.99999999999989        951.99999999999989        951.99999999999989        951.99999999999989        951.99999999999989        951.99999999999989        951.99999999999989        951.99999999999989        951.99999999999989        951.99999999999989        951.99999999999989        951.99999999999989        951.99999999999989        951.99999999999989        951.99999999999989        951.99999999999989        951.99999999999989        951.99999999999989        951.99999999999989        951.99999999999989        951.99999999999989        951.99999999999989        951.99999999999989        951.99999999999989        951.99999999999989        951.99999999999989        951.99999999999989        951.99999999999989        951.99999999999989        951.99999999999989        951.99999999999989        951.99999999999989        951.99999999999989        951.99999999999989        951.99999999999989        951.99999999999989        951.99999999999989        951.99999999999989        951.99999999999989        951.99999999999989        951.99999999999989        951.99999999999989        951.99999999999989        951.99999999999989        951.99999999999989        951.99999999999989        951.99999999999989        951.99999999999989        951.99999999999989        951.99999999999989        951.99999999999989        951.99999999999989        951.99999999999989        951.99999999999989        951.99999999999989        951.99999999999989        951.99999999999989        951.99999999999989        951.99999999999989        951.99999999999989        951.99999999999989        951.99999999999989        951.99999999999989        951.99999999999989        951.99999999999989        951.99999999999989        951.99999999999989        951.99999999999989        951.99999999999989        951.99999999999989        951.99999999999989        951.99999999999989        951.99999999999989        951.99999999999989        951.99999999999989        951.99999999999989        951.99999999999989        951.99999999999989        951.99999999999989        951.99999999999989        951.99999999999989        951.99999999999989        951.99999999999989        951.99999999999989        951.99999999999989        951.99999999999989        951.99999999999989        951.99999999999989        951.99999999999989        951.99999999999989        951.99999999999989        951.99999999999989        951.99999999999989        951.99999999999989        951.99999999999989        951.99999999999989        951.99999999999989        951.99999999999989        951.99999999999989        951.99999999999989        951.99999999999989        951.99999999999989        951.99999999999989        951.99999999999989        951.99999999999989        951.99999999999989        951.99999999999989        951.99999999999989        951.99999999999989        951.99999999999989        951.99999999999989        951.99999999999989        951.99999999999989        951.99999999999989        951.99999999999989        951.99999999999989        951.99999999999989        951.99999999999989        951.99999999999989        951.99999999999989        951.99999999999989        951.99999999999989        951.99999999999989        951.99999999999989        951.99999999999989        951.99999999999989        951.99999999999989        951.99999999999989        951.99999999999989        951.99999999999989        951.99999999999989        951.99999999999989        951.99999999999989        951.99999999999989        951.99999999999989        951.99999999999989        951.99999999999989        951.99999999999989        951.99999999999989        951.99999999999989        951.99999999999989        951.99999999999989        951.99999999999989        951.99999999999989        951.99999999999989        951.99999999999989        951.99999999999989        951.99999999999989        951.99999999999989        951.99999999999989        951.99999999999989        951.99999999999989        951.99999999999989        951.99999999999989        951.99999999999989        951.99999999999989        951.99999999999989        951.99999999999989        951.99999999999989        951.99999999999989        951.99999999999989        951.99999999999989        951.99999999999989        951.99999999999989        951.99999999999989        951.99999999999989        951.99999999999989        951.99999999999989        951.99999999999989        951.99999999999989        951.99999999999989        951.99999999999989        951.99999999999989        951.99999999999989        951.99999999999989        951.99999999999989        951.99999999999989        951.99999999999989        951.99999999999989        951.99999999999989        951.99999999999989        951.99999999999989        951.99999999999989        951.99999999999989        951.99999999999989        951.99999999999989        951.99999999999989        951.99999999999989        951.99999999999989        951.99999999999989        951.99999999999989        951.99999999999989        951.99999999999989        951.99999999999989        951.99999999999989        951.99999999999989        951.99999999999989        951.99999999999989        951.99999999999989        951.99999999999989        951.99999999999989        951.99999999999989        951.99999999999989        951.99999999999989        951.99999999999989        951.99999999999989        951.99999999999989        951.99999999999989        951.99999999999989        951.99999999999989        951.99999999999989        951.99999999999989        951.99999999999989        951.99999999999989        951.99999999999989        951.99999999999989        951.99999999999989        951.99999999999989        951.99999999999989        951.99999999999989        951.99999999999989        951.99999999999989        951.99999999999989        951.99999999999989        951.99999999999989        951.99999999999989        951.99999999999989        951.99999999999989        951.99999999999989        951.99999999999989        951.99999999999989        951.99999999999989        951.99999999999989        951.99999999999989        951.99999999999989        951.99999999999989        951.99999999999989        951.99999999999989        951.99999999999989        951.99999999999989        951.99999999999989        951.99999999999989        951.99999999999989        951.99999999999989        951.99999999999989        951.99999999999989        951.99999999999989        951.99999999999989        951.99999999999989        951.99999999999989        951.99999999999989        951.99999999999989        951.99999999999989        951.99999999999989        951.99999999999989        951.99999999999989        951.99999999999989        951.99999999999989        951.99999999999989        951.99999999999989        951.99999999999989        951.99999999999989        951.99999999999989        951.99999999999989        951.99999999999989        951.99999999999989        951.99999999999989        951.99999999999989        951.99999999999989        951.99999999999989        951.99999999999989        951.99999999999989        951.99999999999989        951.99999999999989        951.99999999999989        951.99999999999989        951.99999999999989        951.99999999999989        951.99999999999989        951.99999999999989        951.99999999999989        951.99999999999989        951.99999999999989        951.99999999999989        951.99999999999989        951.99999999999989        951.99999999999989        951.99999999999989        951.99999999999989        951.99999999999989        951.99999999999989        951.99999999999989        951.99999999999989        951.99999999999989        951.99999999999989        951.99999999999989        951.99999999999989        951.99999999999989        951.99999999999989        951.99999999999989        951.99999999999989        951.99999999999989        951.99999999999989        951.99999999999989        951.99999999999989        951.99999999999989        951.99999999999989        951.99999999999989        951.99999999999989        951.99999999999989        951.99999999999989        951.99999999999989        951.99999999999989        951.99999999999989        951.99999999999989        951.99999999999989        951.99999999999989        951.99999999999989        951.99999999999989        951.99999999999989        951.99999999999989        951.99999999999989        951.99999999999989        951.99999999999989        951.99999999999989        951.99999999999989        951.99999999999989        951.99999999999989        951.99999999999989        951.99999999999989        951.99999999999989        951.99999999999989        951.99999999999989        951.99999999999989        951.99999999999989        951.99999999999989        951.99999999999989        951.99999999999989        951.99999999999989        951.99999999999989        951.99999999999989        951.99999999999989        951.99999999999989        951.99999999999989        951.99999999999989        951.99999999999989        951.99999999999989        951.99999999999989        951.99999999999989        951.99999999999989        951.99999999999989        951.99999999999989        951.99999999999989        951.99999999999989        951.99999999999989     
 lw_flux:
   1289366912.4919472        1289366912.4919472        1289366912.4919472        1289366912.4919472        1289366912.4919472        1289366912.4919472        1289366912.4919472        1289366912.4919472        1289366912.4919472        1289366912.4919472        1289366912.4919472        1289366912.4919472        1289366912.4919472        1289366912.4919472        1289366912.4919472        1289366912.4919472        1289366912.4919472        1289366912.4919472        1289366912.4919472        1289366912.4919472        1289366912.4919472        1289366912.4919472        1289366912.4919472        1289366912.4919472        1289366912.4919472        1289366912.4919472        1289366912.4919472        1289366912.4919472        1289366912.4919472        1289366912.4919472        1289366912.4919472        1289366912.4919472        1289366912.4919472        1289366912.4919472        1289366912.4919472        1289366912.4919472        1289366912.4919472        1289366912.4919472        1289366912.4919472        1289366912.4919472        1289366912.4919472        1289366912.4919472        1289366912.4919472        1289366912.4919472        1289366912.4919472        1289366912.4919472        1289366912.4919472        1289366912.4919472        1289366912.4919472        1289366912.4919472        1289366912.4919472        1289366912.4919472        1289366912.4919472        1289366912.4919472        1289366912.4919472        1289366912.4919472        1289366912.4919472        1289366912.4919472        1289366912.4919472        1289366912.4919472        1289366912.4919472        1289366912.4919472        1289366912.4919472        1289366912.4919472        1289366912.4919472        1289366912.4919472        1289366912.4919472        1289366912.4919472        1289366912.4919472        1289366912.4919472        1289366912.4919472        1289366912.4919472        1289366912.4919472        1289366912.4919472        1289366912.4919472        1289366912.4919472        1289366912.4919472        1289366912.4919472        1289366912.4919472        1289366912.4919472        1289366912.4919472        1289366912.4919472        1289366912.4919472        1289366912.4919472        1289366912.4919472        1289366912.4919472        1289366912.4919472        1289366912.4919472        1289366912.4919472        1289366912.4919472        1289366912.4919472        1289366912.4919472        1289366912.4919472        1289366912.4919472        1289366912.4919472        1289366912.4919472        1289366912.4919472        1289366912.4919472        1289366912.4919472        1289366912.4919472        1289366912.4919472        1289366912.4919472        1289366912.4919472        1289366912.4919472        1289366912.4919472        1289366912.4919472        1289366912.4919472        1289366912.4919472        1289366912.4919472        1289366912.4919472        1289366912.4919472        1289366912.4919472        1289366912.4919472        1289366912.4919472        1289366912.4919472        1289366912.4919472        1289366912.4919472        1289366912.4919472        1289366912.4919472        1289366912.4919472        1289366912.4919472        1289366912.4919472        1289366912.4919472        1289366912.4919472        1289366912.4919472        1289366912.4919472        1289366912.4919472        1289366912.4919472        1289366912.4919472        1289366912.4919472        1289366912.4919472        1289366912.4919472        1289366912.4919472        1289366912.4919472        1289366912.4919472        1289366912.4919472        1289366912.4919472        1289366912.4919472        1289366912.4919472        1289366912.4919472        1289366912.4919472        1289366912.4919472        1289366912.4919472        1289366912.4919472        1289366912.4919472        1289366912.4919472        1289366912.4919472        1289366912.4919472        1289366912.4919472        1289366912.4919472        1289366912.4919472        1289366912.4919472        1289366912.4919472        1289366912.4919472        1289366912.4919472        1289366912.4919472        1289366912.4919472        1289366912.4919472        1289366912.4919472        1289366912.4919472        1289366912.4919472        1289366912.4919472        1289366912.4919472        1289366912.4919472        1289366912.4919472        1289366912.4919472        1289366912.4919472        1289366912.4919472        1289366912.4919472        1289366912.4919472        1289366912.4919472        1289366912.4919472        1289366912.4919472        1289366912.4919472        1289366912.4919472        1289366912.4919472        1289366912.4919472        1289366912.4919472        1289366912.4919472        1289366912.4919472        1289366912.4919472        1289366912.4919472        1289366912.4919472        1289366912.4919472        1289366912.4919472        1289366912.4919472        1289366912.4919472        1289366912.4919472        1289366912.4919472        1289366912.4919472        1289366912.4919472        1289366912.4919472        1289366912.4919472        1289366912.4919472        1289366912.4919472        1289366912.4919472        1289366912.4919472        1289366912.4919472        1289366912.4919472        1289366912.4919472        1289366912.4919472        1289366912.4919472        1289366912.4919472        1289366912.4919472        1289366912.4919472        1289366912.4919472        1289366912.4919472        1289366912.4919472        1289366912.4919472        1289366912.4919472        1289366912.4919472        1289366912.4919472        1289366912.4919472        1289366912.4919472        1289366912.4919472        1289366912.4919472        1289366912.4919472        1289366912.4919472        1289366912.4919472        1289366912.4919472        1289366912.4919472        1289366912.4919472        1289366912.4919472        1289366912.4919472        1289366912.4919472        1289366912.4919472        1289366912.4919472        1289366912.4919472        1289366912.4919472        1289366912.4919472        1289366912.4919472        1289366912.4919472        1289366912.4919472        1289366912.4919472        1289366912.4919472        1289366912.4919472        1289366912.4919472        1289366912.4919472        1289366912.4919472        1289366912.4919472        1289366912.4919472        1289366912.4919472        1289366912.4919472        1289366912.4919472        1289366912.4919472        1289366912.4919472        1289366912.4919472        1289366912.4919472        1289366912.4919472        1289366912.4919472        1289366912.4919472        1289366912.4919472        1289366912.4919472        1289366912.4919472        1289366912.4919472        1289366912.4919472        1289366912.4919472        1289366912.4919472        1289366912.4919472        1289366912.4919472        1289366912.4919472        1289366912.4919472        1289366912.4919472        1289366912.4919472        1289366912.4919472        1289366912.4919472        1289366912.4919472        1289366912.4919472        1289366912.4919472        1289366912.4919472        1289366912.4919472        1289366912.4919472        1289366912.4919472        1289366912.4919472        1289366912.4919472        1289366912.4919472        1289366912.4919472        1289366912.4919472        1289366912.4919472        1289366912.4919472        1289366912.4919472        1289366912.4919472        1289366912.4919472        1289366912.4919472        1289366912.4919472        1289366912.4919472        1289366912.4919472        1289366912.4919472        1289366912.4919472        1289366912.4919472        1289366912.4919472        1289366912.4919472        1289366912.4919472        1289366912.4919472        1289366912.4919472        1289366912.4919472        1289366912.4919472        1289366912.4919472        1289366912.4919472        1289366912.4919472        1289366912.4919472        1289366912.4919472        1289366912.4919472        1289366912.4919472        1289366912.4919472        1289366912.4919472        1289366912.4919472        1289366912.4919472        1289366912.4919472        1289366912.4919472        1289366912.4919472        1289366912.4919472        1289366912.4919472        1289366912.4919472        1289366912.4919472        1289366912.4919472        1289366912.4919472        1289366912.4919472        1289366912.4919472        1289366912.4919472        1289366912.4919472        1289366912.4919472        1289366912.4919472        1289366912.4919472        1289366912.4919472        1289366912.4919472        1289366912.4919472        1289366912.4919472        1289366912.4919472        1289366912.4919472        1289366912.4919472        1289366912.4919472        1289366912.4919472        1289366912.4919472        1289366912.4919472        1289366912.4919472        1289366912.4919472        1289366912.4919472        1289366912.4919472        1289366912.4919472        1289366912.4919472        1289366912.4919472        1289366912.4919472        1289366912.4919472        1289366912.4919472        1289366912.4919472        1289366912.4919472        1289366912.4919472        1289366912.4919472        1289366912.4919472        1289366912.4919472        1289366912.4919472        1289366912.4919472        1289366912.4919472        1289366912.4919472        1289366912.4919472        1289366912.4919472        1289366912.4919472        1289366912.4919472        1289366912.4919472        1289366912.4919472        1289366912.4919472        1289366912.4919472        1289366912.4919472        1289366912.4919472        1289366912.4919472        1289366912.4919472        1289366912.4919472        1289366912.4919472        1289366912.4919472        1289366912.4919472        1289366912.4919472        1289366912.4919472        1289366912.4919472        1289366912.4919472        1289366912.4919472        1289366912.4919472        1289366912.4919472        1289366912.4919472        1289366912.4919472        1289366912.4919472        1289366912.4919472        1289366912.4919472        1289366912.4919472        1289366912.4919472        1289366912.4919472        1289366912.4919472        1289366912.4919472        1289366912.4919472        1289366912.4919472        1289366912.4919472        1289366912.4919472        1289366912.4919472        1289366912.4919472        1289366912.4919472        1289366912.4919472        1289366912.4919472        1289366912.4919472        1289366912.4919472        1289366912.4919472        1289366912.4919472        1289366912.4919472        1289366912.4919472        1289366912.4919472        1289366912.4919472        1289366912.4919472        1289366912.4919472        1289366912.4919472        1289366912.4919472        1289366912.4919472        1289366912.4919472        1289366912.4919472        1289366912.4919472        1289366912.4919472        1289366912.4919472        1289366912.4919472        1289366912.4919472        1289366912.4919472        1289366912.4919472        1289366912.4919472        1289366912.4919472        1289366912.4919472        1289366912.4919472        1289366912.4919472        1289366912.4919472        1289366912.4919472        1289366912.4919472        1289366912.4919472        1289366912.4919472        1289366912.4919472        1289366912.4919472        1289366912.4919472        1289366912.4919472        1289366912.4919472        1289366912.4919472        1289366912.4919472        1289366912.4919472        1289366912.4919472        1289366912.4919472        1289366912.4919472        1289366912.4919472        1289366912.4919472        1289366912.4919472        1289366912.4919472        1289366912.4919472        1289366912.4919472        1289366912.4919472        1289366912.4919472        1289366912.4919472        1289366912.4919472        1289366912.4919472        1289366912.4919472        1289366912.4919472        1289366912.4919472        1289366912.4919472        1289366912.4919472        1289366912.4919472        1289366912.4919472        1289366912.4919472        1289366912.4919472        1289366912.4919472        1289366912.4919472        1289366912.4919472        1289366912.4919472        1289366912.4919472        1289366912.4919472        1289366912.4919472        1289366912.4919472        1289366912.4919472        1289366912.4919472        1289366912.4919472        1289366912.4919472        1289366912.4919472        1289366912.4919472        1289366912.4919472        1289366912.4919472        1289366912.4919472        1289366912.4919472        1289366912.4919472        1289366912.4919472        1289366912.4919472        1289366912.4919472        1289366912.4919472        1289366912.4919472        1289366912.4919472        1289366912.4919472        1289366912.4919472        1289366912.4919472        1289366912.4919472        1289366912.4919472        1289366912.4919472        1289366912.4919472        1289366912.4919472        1289366912.4919472        1289366912.4919472        1289366912.4919472        1289366912.4919472        1289366912.4919472        1289366912.4919472        1289366912.4919472        1289366912.4919472        1289366912.4919472        1289366912.4919472        1289366912.4919472        1289366912.4919472        1289366912.4919472        1289366912.4919472        1289366912.4919472        1289366912.4919472        1289366912.4919472        1289366912.4919472        1289366912.4919472        1289366912.4919472        1289366912.4919472        1289366912.4919472        1289366912.4919472        1289366912.4919472        1289366912.4919472        1289366912.4919472        1289366912.4919472        1289366912.4919472        1289366912.4919472        1289366912.4919472        1289366912.4919472        1289366912.4919472        1289366912.4919472        1289366912.4919472        1289366912.4919472        1289366912.4919472        1289366912.4919472        1289366912.4919472        1289366912.4919472        1289366912.4919472        1289366912.4919472        1289366912.4919472        1289366912.4919472        1289366912.4919472        1289366912.4919472        1289366912.4919472        1289366912.4919472        1289366912.4919472        1289366912.4919472        1289366912.4919472        1289366912.4919472        1289366912.4919472        1289366912.4919472        1289366912.4919472        1289366912.4919472        1289366912.4919472        1289366912.4919472        1289366912.4919472        1289366912.4919472        1289366912.4919472        1289366912.4919472        1289366912.4919472        1289366912.4919472        1289366912.4919472        1289366912.4919472        1289366912.4919472        1289366912.4919472        1289366912.4919472        1289366912.4919472        1289366912.4919472        1289366912.4919472        1289366912.4919472        1289366912.4919472        1289366912.4919472        1289366912.4919472        1289366912.4919472        1289366912.4919472        1289366912.4919472        1289366912.4919472        1289366912.4919472        1289366912.4919472        1289366912.4919472        1289366912.4919472        1289366912.4919472        1289366912.4919472        1289366912.4919472        1289366912.4919472        1289366912.4919472        1289366912.4919472        1289366912.4919472        1289366912.4919472        1289366912.4919472        1289366912.4919472        1289366912.4919472        1289366912.4919472        1289366912.4919472        1289366912.4919472        1289366912.4919472        1289366912.4919472        1289366912.4919472        1289366912.4919472        1289366912.4919472        1289366912.4919472        1289366912.4919472        1289366912.4919472        1289366912.4919472        1289366912.4919472        1289366912.4919472        1289366912.4919472        1289366912.4919472        1289366912.4919472        1289366912.4919472        1289366912.4919472        1289366912.4919472        1289366912.4919472        1289366912.4919472        1289366912.4919472        1289366912.4919472        1289366912.4919472        1289366912.4919472        1289366912.4919472        1289366912.4919472        1289366912.4919472        1289366912.4919472        1289366912.4919472        1289366912.4919472        1289366912.4919472        1289366912.4919472        1289366912.4919472        1289366912.4919472        1289366912.4919472        1289366912.4919472        1289366912.4919472        1289366912.4919472        1289366912.4919472        1289366912.4919472        1289366912.4919472        1289366912.4919472        1289366912.4919472        1289366912.4919472        1289366912.4919472        1289366912.4919472        1289366912.4919472        1289366912.4919472        1289366912.4919472        1289366912.4919472        1289366912.4919472        1289366912.4919472        1289366912.4919472        1289366912.4919472        1289366912.4919472        1289366912.4919472        1289366912.4919472        1289366912.4919472        1289366912.4919472        1289366912.4919472        1289366912.4919472        1289366912.4919472        1289366912.4919472        1289366912.4919472        1289366912.4919472        1289366912.4919472        1289366912.4919472        1289366912.4919472        1289366912.4919472        1289366912.4919472        1289366912.4919472        1289366912.4919472        1289366912.4919472        1289366912.4919472        1289366912.4919472        1289366912.4919472        1289366912.4919472        1289366912.4919472        1289366912.4919472        1289366912.4919472        1289366912.4919472        1289366912.4919472        1289366912.4919472        1289366912.4919472        1289366912.4919472        1289366912.4919472        1289366912.4919472        1289366912.4919472        1289366912.4919472        1289366912.4919472        1289366912.4919472        1289366912.4919472        1289366912.4919472        1289366912.4919472        1289366912.4919472        1289366912.4919472        1289366912.4919472        1289366912.4919472        1289366912.4919472        1289366912.4919472        1289366912.4919472        1289366912.4919472        1289366912.4919472        1289366912.4919472        1289366912.4919472        1289366912.4919472        1289366912.4919472        1289366912.4919472        1289366912.4919472        1289366912.4919472        1289366912.4919472        1289366912.4919472        1289366912.4919472        1289366912.4919472        1289366912.4919472        1289366912.4919472        1289366912.4919472        1289366912.4919472        1289366912.4919472        1289366912.4919472        1289366912.4919472        1289366912.4919472        1289366912.4919472        1289366912.4919472        1289366912.4919472        1289366912.4919472        1289366912.4919472        1289366912.4919472        1289366912.4919472        1289366912.4919472        1289366912.4919472        1289366912.4919472        1289366912.4919472        1289366912.4919472        1289366912.4919472        1289366912.4919472        1289366912.4919472        1289366912.4919472        1289366912.4919472        1289366912.4919472        1289366912.4919472        1289366912.4919472        1289366912.4919472        1289366912.4919472        1289366912.4919472        1289366912.4919472        1289366912.4919472        1289366912.4919472        1289366912.4919472        1289366912.4919472        1289366912.4919472        1289366912.4919472        1289366912.4919472        1289366912.4919472        1289366912.4919472        1289366912.4919472        1289366912.4919472        1289366912.4919472        1289366912.4919472        1289366912.4919472        1289366912.4919472        1289366912.4919472        1289366912.4919472        1289366912.4919472        1289366912.4919472        1289366912.4919472        1289366912.4919472        1289366912.4919472        1289366912.4919472        1289366912.4919472        1289366912.4919472        1289366912.4919472        1289366912.4919472        1289366912.4919472        1289366912.4919472        1289366912.4919472        1289366912.4919472        1289366912.4919472        1289366912.4919472        1289366912.4919472        1289366912.4919472        1289366912.4919472        1289366912.4919472        1289366912.4919472        1289366912.4919472        1289366912.4919472        1289366912.4919472        1289366912.4919472        1289366912.4919472        1289366912.4919472        1289366912.4919472        1289366912.4919472        1289366912.4919472        1289366912.4919472        1289366912.4919472        1289366912.4919472        1289366912.4919472        1289366912.4919472        1289366912.4919472        1289366912.4919472        1289366912.4919472        1289366912.4919472        1289366912.4919472        1289366912.4919472        1289366912.4919472        1289366912.4919472        1289366912.4919472        1289366912.4919472        1289366912.4919472        1289366912.4919472        1289366912.4919472        1289366912.4919472        1289366912.4919472        1289366912.4919472        1289366912.4919472        1289366912.4919472        1289366912.4919472        1289366912.4919472        1289366912.4919472        1289366912.4919472        1289366912.4919472        1289366912.4919472        1289366912.4919472        1289366912.4919472        1289366912.4919472        1289366912.4919472        1289366912.4919472        1289366912.4919472        1289366912.4919472        1289366912.4919472        1289366912.4919472        1289366912.4919472        1289366912.4919472        1289366912.4919472        1289366912.4919472        1289366912.4919472        1289366912.4919472        1289366912.4919472        1289366912.4919472        1289366912.4919472        1289366912.4919472        1289366912.4919472        1289366912.4919472        1289366912.4919472        1289366912.4919472        1289366912.4919472        1289366912.4919472        1289366912.4919472        1289366912.4919472        1289366912.4919472        1289366912.4919472        1289366912.4919472        1289366912.4919472        1289366912.4919472        1289366912.4919472        1289366912.4919472        1289366912.4919472        1289366912.4919472        1289366912.4919472        1289366912.4919472        1289366912.4919472        1289366912.4919472        1289366912.4919472        1289366912.4919472        1289366912.4919472        1289366912.4919472        1289366912.4919472        1289366912.4919472        1289366912.4919472        1289366912.4919472        1289366912.4919472        1289366912.4919472        1289366912.4919472        1289366912.4919472        1289366912.4919472        1289366912.4919472        1289366912.4919472        1289366912.4919472        1289366912.4919472        1289366912.4919472        1289366912.4919472        1289366912.4919472        1289366912.4919472        1289366912.4919472        1289366912.4919472        1289366912.4919472        1289366912.4919472        1289366912.4919472        1289366912.4919472        1289366912.4919472        1289366912.4919472        1289366912.4919472        1289366912.4919472        1289366912.4919472        1289366912.4919472        1289366912.4919472        1289366912.4919472        1289366912.4919472        1289366912.4919472        1289366912.4919472        1289366912.4919472        1289366912.4919472        1289366912.4919472        1289366912.4919472        1289366912.4919472        1289366912.4919472        1289366912.4919472        1289366912.4919472        1289366912.4919472        1289366912.4919472        1289366912.4919472        1289366912.4919472        1289366912.4919472        1289366912.4919472        1289366912.4919472        1289366912.4919472        1289366912.4919472        1289366912.4919472        1289366912.4919472        1289366912.4919472        1289366912.4919472        1289366912.4919472        1289366912.4919472        1289366912.4919472        1289366912.4919472        1289366912.4919472        1289366912.4919472        1289366912.4919472        1289366912.4919472        1289366912.4919472        1289366912.4919472        1289366912.4919472        1289366912.4919472        1289366912.4919472        1289366912.4919472        1289366912.4919472        1289366912.4919472        1289366912.4919472        1289366912.4919472        1289366912.4919472        1289366912.4919472        1289366912.4919472        1289366912.4919472        1289366912.4919472        1289366912.4919472        1289366912.4919472        1289366912.4919472        1289366912.4919472        1289366912.4919472        1289366912.4919472        1289366912.4919472        1289366912.4919472        1289366912.4919472        1289366912.4919472        1289366912.4919472        1289366912.4919472        1289366912.4919472        1289366912.4919472        1289366912.4919472        1289366912.4919472        1289366912.4919472        1289366912.4919472        1289366912.4919472        1289366912.4919472        1289366912.4919472        1289366912.4919472        1289366912.4919472        1289366912.4919472        1289366912.4919472        1289366912.4919472        1289366912.4919472        1289366912.4919472        1289366912.4919472        1289366912.4919472        1289366912.4919472        1289366912.4919472        1289366912.4919472        1289366912.4919472        1289366912.4919472        1289366912.4919472        1289366912.4919472        1289366912.4919472        1289366912.4919472        1289366912.4919472        1289366912.4919472        1289366912.4919472        1289366912.4919472        1289366912.4919472        1289366912.4919472        1289366912.4919472        1289366912.4919472        1289366912.4919472        1289366912.4919472        1289366912.4919472        1289366912.4919472        1289366912.4919472        1289366912.4919472        1289366912.4919472        1289366912.4919472        1289366912.4919472        1289366912.4919472        1289366912.4919472        1289366912.4919472        1289366912.4919472        1289366912.4919472        1289366912.4919472        1289366912.4919472        1289366912.4919472        1289366912.4919472        1289366912.4919472        1289366912.4919472     
